"","plan_id","full_name","fye","vd","pmd","cmd","gasb_retirees","gasb_inactive_vest","gasb_inactive_nonvest","gasb_active","gasb_tot_members","seir_arr","seir_muni_pmd","seir_muni_cmd","seir_deplete","seir_pmd","seir_cmd","tpl","fnp","npl","funded_ratio_gasb68","gasb_payroll","pe_total","gasb_outflow","gasb_inflow","adec_pct_25","adec_paid_pct","adec_amt_from_gasb","adec_paid_amt_from_gasb","adec_missed_from_gasb","adec_pct_30","pe_service_cost","pe_interest_tpl","pe_current_changes","pe_expensed_difference_experience","pe_expensed_current_assumption","pe_employee_contribution","pe_projected_earnings","pe_expensed_difference_earnings","pe_admin_ex","pe_outflow","pe_inflow","pe_other","pe_total_calc","sensitivity_rate_100bp_down","sensitivity_rate_actual","sensitivity_rate_100bp_up","sensitivity_dollar_100bp_down","sensitivity_dollar_actual","sensitivity_dollar_100bp_up","service_life","apx_a_start_balance_51","apx_a_service_cost","apx_a_interest","apx_a_benefit_changes","apx_a_experience_diff","apx_a_assumption_changes","apx_a_employer_contribution","apx_a_employee_contribution","apx_a_invest_income","apx_a_benefit_payment","apx_a_refunds","apx_a_benefits_refunds","apx_a_admin_ex","apx_a_other_changes","apx_a_desc","apx_a_start_balance_66","apx_a_current_balance","cont_rate_fy","actuarial_firm","nc_total","nc_er","nc_ee","amo_total_amt","amo_total","amo_er","amo_ee","tot_total_amt","ee_total_amt","statutory_amt_er","statutory_pct_er","hc_er","hc_ee","er_total","ee_total","multiplier_basis","multiplier_min","multiplier_max","multiplier_text","cola","cola_benefit_type","actual_cola","min_cola","cola_benefit_max_pct","drop_current","drop_new_hire","soc_sec","health_care_funded_by_plan","db_hybrid","option_supp_dc","option_primary_dc","assum_inflation","assum_interest","assum_payroll_growth","assum_salary_growth","assum_termination_rate","assum_retirement_rate","assum_mortality_table","assum_mortality_table_year","assum_mortality_projecton_scale","assum_mortality_table_set_back","assum_mortality_table_set_forward","amo_method","amo_years","cost_method_valuation","assum_discount_rate","assum_variable_dr","assum_return_rate","smoothing","actuarial_return_from_valuation","market_return_from_valuation","admin_expense_pct","opeb_val","ava_from_valuation","aal_from_valuation","ual_from_valuation","funded_ratio_old_from_valuation","payroll_from_valuation","investment_experience","age_of_retirement_experience","disability_claim_experience_active","disability_claim_experience_inactive","disability_claim_experience_retired","disability_claim_experience_total","mortality_rate_experience_active","mortality_rate_experience_inactive","mortality_rate_experience_retired","mortality_rate_experience_total","survivor_claim_experience_active","survivor_claim_experience_inactive","survivor_claim_experience_retired","survivor_claim_experience_total","withdrawal_experience","salary_experience","payroll_experience","new_entrant_experience","rehire_experiennce","other_actuarial_experience","interest_smoothing","non_investment_actuarial_experience","nc_prior_year","actuarial_experience","benefit_changes","cola_gain_loss","pbi_gain_loss","legislative_changes","changes_to_methods_assumptions","interest_on_debt","other_interest","contribution_deficiency","opeb_cafr","arc","arc_paid","arc_missed","cost_method_funding","arc_pct","adec_amt_from_acfr","adec_paid_amt_from_acfr","adec_missed_from_acfr","adec_pct","ava_from_acfr","aal_from_acfr","ual_from_acfr","funded_ratio_old_from_acfr","payroll_from_acfr","adec_pct_reason","arcpct_payroll","mva","funded_ratio_mva","actuarial_return_from_acfr","market_return_from_acfr","gain_loss_tot","outflows_benefits","outflows_refunds","outflows_admin","outflows_other","outflows_total","short_hand_ppd","PlanFullName"
"1",318,"CONNECTICUT STATE EMPLOYEESâ€™ RETIREMENT SYSTEM",2001,NA,NA,NA,NA,NA,NA,NA,NA,NA,NA,NA,NA,NA,NA,NA,NA,NA,NA,NA,NA,NA,NA,NA,NA,NA,NA,NA,NA,NA,NA,NA,NA,NA,NA,NA,NA,NA,NA,NA,NA,NA,NA,NA,NA,NA,NA,NA,NA,NA,NA,NA,NA,NA,NA,NA,NA,NA,NA,NA,NA,NA,NA,NA,NA,NA,NA,NA,NA,NA,NA,"160049025",NA,NA,NA,421711967,46088785,NA,NA,NA,NA,"0.1457",NA,NA,NA,NA,NA,NA,NA,NA,NA,NA,NA,NA,NA,NA,NA,NA,NA,NA,NA,NA,NA,NA,NA,NA,NA,NA,NA,NA,NA,NA,NA,NA,NA,NA,NA,"5.8400000000000001E-2","-6.6100000000000006E-2",NA,NA,7638853783,12105366407,4466512624,"0.63100000000000001","2784495788",NA,NA,NA,NA,NA,NA,NA,NA,NA,NA,NA,NA,NA,NA,NA,NA,NA,NA,NA,NA,NA,NA,NA,NA,NA,NA,NA,NA,NA,NA,NA,NA,NA,"375600000","375600000","0",NA,"1","NA","NA","NA","NA","7638900000","12105400000","4466500000","0.63100000000000001","2784500000","NA","0.13488956724726162",NA,0,NA,NA,NA,NA,NA,NA,NA,NA,"Connecticut SERS","Connecticut State Employees Retirement System"
"2",318,"CONNECTICUT STATE EMPLOYEESâ€™ RETIREMENT SYSTEM",2002,NA,NA,NA,NA,NA,NA,NA,NA,NA,NA,NA,NA,NA,NA,NA,NA,NA,NA,NA,NA,NA,NA,NA,NA,NA,NA,NA,NA,NA,NA,NA,NA,NA,NA,NA,NA,NA,NA,NA,NA,NA,NA,NA,NA,NA,NA,NA,NA,NA,NA,NA,NA,NA,NA,NA,NA,NA,NA,NA,NA,NA,NA,NA,NA,NA,"2004/2005","Milliman USA Consutants and Actuaries",NA,NA,NA,"219746616",NA,NA,NA,465069974,49577375,NA,NA,NA,NA,"0.16420000000000001","2.00% - 5.00%","Range",NA,NA,"Tier I- 50% FAE+ 2%; Tier I Plan B-1% FAE+2% FAE(excess of 4800$)Min 300$; Tier I Plan C-2% of FAE, Min 300p.m; Tier II &IIA- 2.5% FAE+2% FAE, Min $300p.m; Tier II all others- 1.33% FAE+0.5% FAE+ 1 5/8% FAE. Min 300$","COLA",NA,NA,"0.0275","0.06","No","No","Mix","No","No",NA,NA,NA,"8.5000000000000006E-2","0.05","4.25%-15.00%","Pg no.68","Pg no.68","GAM","1994",NA,NA,NA,"Level percent of payroll","29 years","PUC","8.5000000000000006E-2",NA,"8.5000000000000006E-2","5 year","9.0200000000000002E-2","-3.7100000000000001E-2",NA,NA,7893683977,12806115474,4912431497,"0.61639999999999995","2852165564",NA,NA,NA,NA,NA,NA,NA,NA,NA,NA,NA,NA,NA,NA,NA,NA,NA,NA,NA,NA,NA,NA,NA,NA,NA,NA,NA,NA,NA,NA,NA,NA,NA,"415500000","415500000","0","PUC","1","NA","NA","NA","NA","7893700000","12806100000","4912400000","0.61599999999999999","2852100000","NA","0.14568212895761018",NA,0,NA,NA,NA,NA,NA,NA,NA,NA,"Connecticut SERS","Connecticut State Employees Retirement System"
"3",318,"CONNECTICUT STATE EMPLOYEESâ€™ RETIREMENT SYSTEM",2003,NA,NA,NA,NA,NA,NA,NA,NA,NA,NA,NA,NA,NA,NA,NA,NA,NA,NA,NA,NA,NA,NA,NA,NA,NA,NA,NA,NA,NA,NA,NA,NA,NA,NA,NA,NA,NA,NA,NA,NA,NA,NA,NA,NA,NA,NA,NA,NA,NA,NA,NA,NA,NA,NA,NA,NA,NA,NA,NA,NA,NA,NA,NA,NA,NA,NA,NA,NA,NA,NA,"242142894",NA,NA,NA,472405098,50953367,NA,NA,NA,NA,"0.1663",NA,NA,NA,NA,NA,NA,NA,NA,NA,NA,NA,NA,NA,NA,NA,NA,NA,NA,NA,NA,NA,NA,NA,NA,NA,NA,NA,NA,NA,NA,NA,NA,NA,NA,NA,"5.0799999999999998E-2","1.9099999999999999E-2",NA,NA,8058586633,14223786404,6165199771,"0.56659999999999999","2654252370",NA,NA,NA,NA,NA,NA,NA,NA,NA,NA,NA,NA,NA,NA,NA,NA,NA,NA,NA,NA,NA,NA,NA,NA,NA,NA,NA,NA,NA,NA,NA,NA,NA,"421500000","421500000","0",NA,"1","NA","NA","NA","NA","8058600000","14223800000","6165200000","0.56699999999999995","2654300000","NA","0.15879893003805146",NA,0,NA,NA,NA,NA,NA,NA,NA,NA,"Connecticut SERS","Connecticut State Employees Retirement System"
"4",318,"CONNECTICUT STATE EMPLOYEESâ€™ RETIREMENT SYSTEM",2004,NA,NA,NA,NA,NA,NA,NA,NA,NA,NA,NA,NA,NA,NA,NA,NA,NA,NA,NA,NA,NA,NA,NA,NA,NA,NA,NA,NA,NA,NA,NA,NA,NA,NA,NA,NA,NA,NA,NA,NA,NA,NA,NA,NA,NA,NA,NA,NA,NA,NA,NA,NA,NA,NA,NA,NA,NA,NA,NA,NA,NA,NA,NA,NA,NA,"2006/2007","Milliman USA Consutants and Actuaries",NA,NA,NA,"343309320",NA,NA,NA,516970995,46638051,NA,NA,NA,NA,"0.2102","2.00% - 5.00%","Range",NA,NA,"Tier I- 50% FAE+ 2%; Tier I Plan B-2% FAE+1-2.5%, Min $833; Tier I Plan C-2%/2.5% FAE, Min $833; Tier II and IIA - 2.5% FAE + 2%, Min $360; Tier II all other and IIA- 1.333% FAE+0.50%+1.625%, Min $360","COLA",NA,"2.75E-2",NA,"0.06","No","No","Mix","No","No",NA,NA,NA,"8.5000000000000006E-2","0.05","4.25%-15.00%","Pg no.71","Pg no.71","GAM","1994",NA,NA,NA,"Level percent of payroll","27 years","PUC","8.5000000000000006E-2",NA,"8.5000000000000006E-2","5 year","6.7400000000000002E-2","0.1522",NA,NA,8238250287,15128502117,6890251830,"0.54459999999999997","2816729277",NA,NA,NA,NA,NA,NA,NA,NA,NA,NA,NA,NA,NA,NA,NA,NA,NA,NA,NA,NA,NA,NA,NA,NA,NA,NA,NA,NA,NA,NA,NA,NA,NA,"470300000","470300000","0","PUC","1","NA","NA","NA","NA","8238299999.999999","15128500000","6890200000","0.54500000000000004","2816700000","NA","0.1669684382433344",NA,0,NA,NA,NA,NA,NA,NA,NA,NA,"Connecticut SERS","Connecticut State Employees Retirement System"
"5",318,"CONNECTICUT STATE EMPLOYEESâ€™ RETIREMENT SYSTEM",2005,NA,NA,NA,NA,NA,NA,NA,NA,NA,NA,NA,NA,NA,NA,NA,NA,NA,NA,NA,NA,NA,NA,NA,NA,NA,NA,NA,NA,NA,NA,NA,NA,NA,NA,NA,NA,NA,NA,NA,NA,NA,NA,NA,NA,NA,NA,NA,NA,NA,NA,NA,NA,NA,NA,NA,NA,NA,NA,NA,NA,NA,NA,NA,NA,NA,NA,NA,NA,NA,NA,"371650991",NA,NA,NA,570487616,51718795,NA,NA,NA,NA,"0.21279999999999999",NA,NA,NA,NA,NA,NA,NA,NA,NA,NA,NA,NA,NA,NA,NA,NA,NA,NA,NA,NA,NA,NA,NA,NA,NA,NA,NA,NA,NA,NA,NA,NA,NA,NA,NA,"8.0299999999999996E-2","0.1101",NA,NA,8517679204,15987546661,7469867457,"0.53280000000000005","2980104277",NA,NA,NA,NA,NA,NA,NA,NA,NA,NA,NA,NA,NA,NA,NA,NA,NA,NA,NA,NA,NA,NA,NA,NA,NA,NA,NA,NA,NA,NA,NA,NA,NA,"518799999.99999994","518799999.99999994","0",NA,"1","NA","NA","NA","NA","8517700000.000001","15987500000","7469800000","0.53300000000000003","2980100000","NA","0.17408811784839434",NA,0,NA,NA,NA,NA,NA,NA,NA,NA,"Connecticut SERS","Connecticut State Employees Retirement System"
"6",318,"CONNECTICUT STATE EMPLOYEESâ€™ RETIREMENT SYSTEM",2006,NA,NA,NA,NA,NA,NA,NA,NA,NA,NA,NA,NA,NA,NA,NA,NA,NA,NA,NA,NA,NA,NA,NA,NA,NA,NA,NA,NA,NA,NA,NA,NA,NA,NA,NA,NA,NA,NA,NA,NA,NA,NA,NA,NA,NA,NA,NA,NA,NA,NA,NA,NA,NA,NA,NA,NA,NA,NA,NA,NA,NA,NA,NA,NA,NA,"2008/2009","Milliman USA Consutants and Actuaries",NA,NA,NA,"404583496",NA,NA,NA,678297645,55234913,NA,NA,NA,NA,"0.21970000000000001","2.00% - 5.00%","Range",NA,NA,"Tier I- 50% FAE+ 2%; Tier I Plan B-2% FAE+1-2.5%, Min $833; Tier I Plan C-2%/2.5% FAE, Min $833; Tier II and IIA - 2.5% FAE + 2%, Min $360; Tier II all other and IIA- 1.333% FAE+0.50%+1.625%, Min $360","COLA",NA,"2.75E-2",NA,"0.06","No","No","Mix",NA,NA,NA,NA,NA,"8.5000000000000006E-2","0.05","4.25%-15.00%","Pg no.66","Pg no.66","GAM","1994",NA,NA,NA,"Level percent of payroll","25 Years","PUC","8.5000000000000006E-2",NA,"8.5000000000000006E-2","5 years","7.3700000000000002E-2","0.1045",4.91719994327536e-05,NA,8951392914,16830349168,7878956254,"0.53190000000000004","3107928232",NA,NA,NA,NA,NA,NA,NA,NA,NA,NA,NA,NA,NA,NA,NA,NA,NA,NA,NA,NA,NA,NA,NA,NA,NA,NA,NA,NA,NA,NA,NA,NA,"Yes","623100000","623100000","0","PUC","1","NA","NA","NA","NA","8951400000","16830300000","7878900000","0.53200000000000003","3107900000","NA","0.20048907622510376","8765151000",0.520795885991337,NA,NA,NA,918914000,NA,"431000","0",919345000,"Connecticut SERS","Connecticut State Employees Retirement System"
"7",318,"CONNECTICUT STATE EMPLOYEESâ€™ RETIREMENT SYSTEM",2007,NA,NA,NA,NA,NA,NA,NA,NA,NA,NA,NA,NA,NA,NA,NA,NA,NA,NA,NA,NA,NA,NA,NA,NA,NA,NA,NA,NA,NA,NA,NA,NA,NA,NA,NA,NA,NA,NA,NA,NA,NA,NA,NA,NA,NA,NA,NA,NA,NA,NA,NA,NA,NA,NA,NA,NA,NA,NA,NA,NA,NA,NA,NA,NA,NA,NA,"Milliman USA Consutants and Actuaries",NA,NA,NA,"432782852",NA,NA,NA,725725454,61794719,NA,NA,NA,NA,"0.22","2.00% - 5.00%","Range",NA,NA,"Tier I- 50% FAE+ 2%; Tier I Plan B-2% FAE+1-2.5%, Min $833; Tier I Plan C-2%/2.5% FAE, Min $833; Tier II and IIA - 2.5% FAE + 2%, Min $360; Tier II all other and IIA- 1.333% FAE+0.50%+1.625%, Min $360","COLA",NA,"2.75E-2",NA,"0.06","No","No","Mix","No","No",NA,NA,NA,"8.5000000000000006E-2","0.05","4.25%-15.00%","Pg no.43","Pg no.43","GAM","1994",NA,NA,NA,NA,NA,"PUC","8.5000000000000006E-2",NA,"8.5000000000000006E-2","5 years","9.8000000000000004E-2","0.1711",5.07796619687514e-05,NA,9584970345,17888065116,8303094771,"0.53580000000000005","3310351311",NA,NA,NA,NA,NA,NA,NA,NA,NA,NA,NA,NA,NA,NA,NA,NA,NA,NA,NA,NA,NA,NA,NA,NA,NA,NA,NA,NA,NA,NA,NA,NA,"Yes","663900000","663900000","0","PUC","1","NA","NA","NA","NA","9585000000","17888100000","8303100000","0.53600000000000003","3310400000","NA","0.20054978250362493","10043391000",0.561456554916397,NA,NA,NA,958115000,NA,"510000","29000",958654000,"Connecticut SERS","Connecticut State Employees Retirement System"
"8",318,"CONNECTICUT STATE EMPLOYEESâ€™ RETIREMENT SYSTEM",2008,NA,NA,NA,NA,NA,NA,NA,NA,NA,NA,NA,NA,NA,NA,NA,NA,NA,NA,NA,NA,NA,NA,NA,NA,NA,NA,NA,NA,NA,NA,NA,NA,NA,NA,NA,NA,NA,NA,NA,NA,NA,NA,NA,NA,NA,NA,NA,NA,NA,NA,NA,NA,NA,NA,NA,NA,NA,NA,NA,NA,NA,NA,NA,NA,NA,"2010/2011","Milliman",NA,NA,NA,"562104941",NA,NA,NA,778944859,67389585,NA,NA,NA,NA,"0.2467","2.00% - 5.00%","Range",NA,NA,"Tier I- 50% FAE+ 2%; Tier I Plan B-2% FAE+1-2.5%, Min $833; Tier I Plan C-2%/2.5% FAE, Min $833; Tier II and IIA - 2.5% FAE + 2%, Min $360; Tier II all other and IIA- 1.333% FAE+0.50%+1.625%, Min $360","COLA",NA,"2.7E-2",NA,"0.06","No","No",NA,"No","No",NA,NA,NA,"8.2500000000000004E-2","0.04","4.25%-15.00%","Pg no.68","Pg no.69,70","RP-2000","2000","Projected with scale AA",NA,NA,"Level percent of payroll","23 years","PUC","8.2500000000000004E-2",NA,"8.2500000000000004E-2",NA,"6.7599999999999993E-2","-4.8000000000000001E-2",5.97949162962257e-05,NA,9990247212,19243372754,9253125542,"0.51919999999999999","3497444647",NA,NA,NA,NA,NA,NA,NA,NA,NA,NA,NA,NA,NA,NA,NA,NA,NA,NA,NA,NA,NA,NA,NA,NA,NA,NA,NA,NA,NA,NA,NA,NA,"Yes","716900000","660981800","55918200","PUC","0.92200000000000004","NA","NA","NA","NA","9990200000","19243400000","9253200000","0.51900000000000002","3497400000","NA","0.2049808429118774","9331897000",0.484940135319122,NA,NA,NA,1014096000,NA,"558000","0",1014654000,"Connecticut SERS","Connecticut State Employees Retirement System"
"9",318,"CONNECTICUT STATE EMPLOYEESâ€™ RETIREMENT SYSTEM",2009,NA,NA,NA,NA,NA,NA,NA,NA,NA,NA,NA,NA,NA,NA,NA,NA,NA,NA,NA,NA,NA,NA,NA,NA,NA,NA,NA,NA,NA,NA,NA,NA,NA,NA,NA,NA,NA,NA,NA,NA,NA,NA,NA,NA,NA,NA,NA,NA,NA,NA,NA,NA,NA,NA,NA,NA,NA,NA,NA,NA,NA,NA,NA,NA,NA,NA,NA,NA,NA,NA,"603150275",NA,NA,NA,770616545,70846685,NA,NA,NA,NA,"0.24959999999999999",NA,NA,NA,NA,NA,"COLA",NA,NA,NA,NA,NA,NA,NA,NA,NA,NA,NA,NA,NA,NA,NA,NA,NA,NA,NA,NA,NA,NA,NA,NA,NA,NA,NA,NA,NA,"2.5999999999999999E-2","-0.1862",0.000115529894384373,NA,NA,NA,NA,NA,NA,NA,NA,NA,NA,NA,NA,NA,NA,NA,NA,NA,NA,NA,NA,NA,NA,NA,NA,NA,NA,NA,NA,NA,NA,NA,NA,NA,NA,NA,NA,NA,NA,"Yes","753700000","699433600","54266400","PUC","0.92800000000000005","NA","NA","NA","NA","0","0","0","0","0","NA",NA,"7322780000",NA,NA,NA,NA,1070474000,NA,"846000","0",1071320000,"Connecticut SERS","Connecticut State Employees Retirement System"
"10",318,"CONNECTICUT STATE EMPLOYEESâ€™ RETIREMENT SYSTEM",2010,NA,NA,NA,NA,NA,NA,NA,NA,NA,NA,NA,NA,NA,NA,NA,NA,NA,NA,NA,NA,NA,NA,NA,NA,NA,NA,NA,NA,NA,NA,NA,NA,NA,NA,NA,NA,NA,NA,NA,NA,NA,NA,NA,NA,NA,NA,NA,NA,NA,NA,NA,NA,NA,NA,NA,NA,NA,NA,NA,NA,NA,NA,NA,NA,NA,"2011/2012","Cavanaugh Macdonald Consulting,LLC","0.10920000000000001","0.09","1.9199999999999998E-2","840967260",NA,"0.25519999999999998",NA,786189073,65662494,NA,NA,NA,NA,"0.31059999999999999","2.00% - 5.00%","Range",NA,NA,"Tier I- 50% FAE+ 2%; Tier I Plan B-2% FAE+1-2.5%, Min $833; Tier I Plan C-2%/2.5% FAE, Min $833; Tier II & IIA- 2.5% FAE + 2%, Min $360; Tier II & IIA all others- 1.333% FAE+0.50%+1.625%, Min $360","COLA",NA,"2.7E-2",NA,"0.06","No","No","Mix","No","No",NA,NA,"0.04","8.2500000000000004E-2","0.04","4.00%- 10.00%","Pg no.20","Pg no.21","RP-2000","2000","Projected with scale AA",NA,NA,"Level percent of payroll, closed","21 years","PUC","8.2500000000000004E-2",NA,"8.2500000000000004E-2","5 years","2.5700000000000001E-2","0.13450000000000001",5.35209467123892e-05,NA,9349605000,21054197000,11704592000,"0.44400000000000001","3295666000",1503200000,589600000,NA,NA,119900000,NA,NA,NA,-60800000,"0",NA,NA,NA,2.4e+07,"-49500000",-389600000,NA,"0",NA,175100000,NA,NA,340900000,"2451500000",NA,NA,NA,NA,NA,746500000,768000000,NA,"Yes","897400000","720612200","176787800","PUC","0.80300000000000005","NA","NA","NA","NA","9349600000","21054200000","11704600000","0.44400000000000001","3295700000","NA","0.2722942015353339","7791342000",0.37006117544243,NA,NA,NA,1272121000,NA,"417000","0",1272538000,"Connecticut SERS","Connecticut State Employees Retirement System"
"11",318,"CONNECTICUT STATE EMPLOYEESâ€™ RETIREMENT SYSTEM",2011,NA,NA,NA,NA,NA,NA,NA,NA,NA,NA,NA,NA,NA,NA,NA,NA,NA,NA,NA,NA,NA,NA,NA,NA,NA,NA,NA,NA,NA,NA,NA,NA,NA,NA,NA,NA,NA,NA,NA,NA,NA,NA,NA,NA,NA,NA,NA,NA,NA,NA,NA,NA,NA,NA,NA,NA,NA,NA,NA,NA,NA,NA,NA,NA,NA,"2011/2012","Cavanaugh Macdonald Consulting,LLC","9.0800000000000006E-2","7.1400000000000005E-2","1.9400000000000001E-2","815907371",NA,"0.25409999999999999",NA,893480176,67679263,NA,NA,NA,NA,"0.28860000000000002","2.00% - 5.00%","Range",NA,NA,"Tier I- 50% FAE+ 2%; Tier I Plan B-2% FAE+1-2.5%, Min $833; Tier I Plan C-2%/2.5% FAE, Min $833; Tier II,IIA & III- 2.5% FAE + 2%, Min $360; Tier II,IIA& III all others- 1.333% FAE+0.50%+1.625%, Min $360","COLA",NA,"0.02",NA,"7.5%.","No","No","Mix","No","Yes",NA,NA,"0.04","8.2500000000000004E-2","0.04","4.00%- 20.00%","Pg no.23","Pg no.24","RP-2000","2000","Projected with scale AA",NA,NA,"Level percent of payroll, closed","20 years","PUC","8.2500000000000004E-2",NA,"8.2500000000000004E-2","5 years","3.7400000000000003E-2","0.21390000000000001",3.8508531197809e-05,NA,10122765000,21126725000,11003960000,"0.47899999999999998","3210668000",-447100000,112500000,NA,NA,41100000,NA,NA,NA,22400000,"0",NA,NA,NA,12400000,"20700000",-60100000,NA,"0",NA,-197500000,NA,NA,359800000,"-700600000.00000036",NA,NA,NA,NA,NA,944100000,0,NA,"Yes","944100000","826087500","118012500","PUC","0.875","NA","NA","NA","NA","0","0","0","0","0","NA",NA,"8985022000",NA,NA,NA,NA,1323593000,NA,"346000","0",1323939000,"Connecticut SERS","Connecticut State Employees Retirement System"
"12",318,"CONNECTICUT STATE EMPLOYEESâ€™ RETIREMENT SYSTEM",2012,NA,NA,NA,NA,NA,NA,NA,NA,NA,NA,NA,NA,NA,NA,NA,NA,NA,NA,NA,NA,NA,NA,NA,NA,NA,NA,NA,NA,NA,NA,NA,NA,NA,NA,NA,NA,NA,NA,NA,NA,NA,NA,NA,NA,NA,NA,NA,NA,NA,NA,NA,NA,NA,NA,NA,NA,NA,NA,NA,NA,NA,NA,NA,NA,NA,"2013/2014","Cavanaugh Macdonald Consulting,LLC","9.4E-2","7.4499999999999997E-2","1.95E-2","1018938087",NA,"0.30370000000000003",NA,995118804,68776064,NA,NA,NA,NA,"0.37819999999999998","2.00% - 5.00%","Range",NA,NA,"Tier I- 50% FAE+ 2%; Tier I Plan B-2% FAE+1-2.5%, Min $833; Tier I Plan C-2%/2.5% FAE, Min $833; Tier II,IIA & III- 2.5% FAE + 2%, Min $360; Tier II,IIA& III all others- 1.333% FAE+0.50%+1.625%, Min $360","COLA",NA,"0.02",NA,"7.5%.","No","No","Mix","No","Yes",NA,NA,"3.7499999999999999E-2","0.08","3.7499999999999999E-2","4.00%- 20.00%","Pg no.20","Pg no.21&22","RP-2000","2000","Projected with scale AA","2 years for men, 1 years for women",NA,"Level percent of payroll, closed","19 years","PUC","0.08",NA,"0.08","5 years","3.8999999999999998E-3","-1.0699999999999999E-2",6.4118906445556e-05,NA,9744986000,23018752000,13273766000,"0.42299999999999999","3354682000",772600000,2500000,NA,NA,30800000,NA,NA,NA,21200000,"0",NA,NA,NA,8800000,"3600000",-127500000,NA,"0",NA,-94100000,NA,NA,291400000,"2269799999.999999",NA,NA,NA,NA,"1213000000",879200000,0,NA,"Yes","926400000","926400000","0","PUC","1","NA","NA","NA","NA","9745000000","23018800000","13273800000","0.42299999999999999","3354700000","NA","0.27614987927385459","8468641000",0.367901063478548,NA,NA,NA,1424666000,NA,"543000","0",1425209000,"Connecticut SERS","Connecticut State Employees Retirement System"
"13",318,"CONNECTICUT STATE EMPLOYEESâ€™ RETIREMENT SYSTEM",2013,NA,NA,NA,NA,NA,NA,NA,NA,NA,NA,NA,NA,NA,NA,NA,NA,NA,NA,NA,NA,NA,NA,NA,NA,NA,NA,NA,NA,NA,NA,NA,NA,NA,NA,NA,NA,NA,NA,NA,NA,NA,NA,NA,NA,NA,NA,NA,NA,NA,NA,NA,NA,NA,NA,NA,NA,NA,NA,NA,NA,NA,NA,NA,NA,NA,"2014/2015","Cavanaugh Macdonald Consulting,LLC",NA,"8.3099999999999993E-2",NA,"1118381286",NA,"0.35630000000000001",NA,1222112733,163999986,NA,NA,NA,NA,"0.43940000000000001","2.00% - 5.00%","Range",NA,NA,"Tier I- 50% FAE+ 2%; Tier I Plan B-2% FAE+1-2.5%, Min $833; Tier I Plan C-2%/2.5% FAE, Min $833; Tier II,IIA & III- 2.5% FAE + 2%, Min $360; Tier II,IIA& III all others- 1.333% FAE+0.50%+1.625%, Min $360","COLA",NA,"0.02",NA,"7.5%.","No","No","Mix","No","Yes",NA,NA,"3.7499999999999999E-2","0.08","3.7499999999999999E-2","4.00%- 20.00%","Pg no.13","Pg no.14","RP-2000","2000","Projected with scale AA","2 years for men, 1 years for women",NA,"Level percent of payroll, closed","18 years","PUC","0.08",NA,"0.08","5 years","3.1099999999999999E-2","0.1168",7.8082298742875e-05,NA,9784500000,23768191000,13983691000,"0.41199999999999998","3139010000",NA,NA,NA,NA,NA,NA,NA,NA,NA,NA,NA,NA,NA,NA,NA,NA,NA,NA,NA,NA,NA,NA,NA,NA,NA,NA,NA,NA,NA,NA,NA,NA,"Yes","1059700000","1059700000","0","PUC","1","NA","NA","NA","NA","0","0","0","0","0","NA",NA,"9182619000",NA,NA,NA,NA,1487694000,NA,"717000","519000",1488930000,"Connecticut SERS","Connecticut State Employees Retirement System"
"14",318,"CONNECTICUT STATE EMPLOYEESâ€™ RETIREMENT SYSTEM",2014,"41820",NA,"41820",45803,1457,NA,49976,97236,"0.08",NA,"4.3499999999999997E-2","NA",NA,"0.08","26486933000","10472567000","16014366000","0.39539999999999997","3487577000",1269953000,0,571942000,0.36384429648435,0.363831393543426,"1268935000","1268890000",45000,0.999964537190636,"287473000","1998736000","0",0,0,"-144807000",-728464000,-142985000,"0",0,0,"0",1269953000,"7.0000000000000007E-2","0.08","0.09","19103880000","16014366000","13416122000","5.73","25767688000","287473000","1998736000","0","0","0","1268890000","144807000","1443391000","-1563029000",-3935000,"-1566964000","0",NA,NA,"9182443000","16014366000","2015/2016","Cavanaugh Macdonald Consulting,LLC","0.10199999999999999","7.9899999999999999E-2","2.2100000000000002E-2","1235645507",NA,"0.3543",NA,1413696429,144806616,NA,NA,NA,NA,"0.43419999999999997","2.00% - 5.00%","Range",NA,NA,"Tier I- 50% FAE+ 2%; Tier I Plan B-2% FAE+1-2.5%, Min $833; Tier I Plan C-2%/2.5% FAE, Min $833; Tier II,IIA & III- 2.5% FAE + 2%, Min $360; Tier II,IIA& III all others- 1.40% FAE+0.433%+1.625%, Min $360","COLA",NA,"0.02",NA,"7.5%.","No","No","Mix","No","Yes",NA,NA,"3.7499999999999999E-2","0.08","3.7499999999999999E-2","4.00%- 20.00%","Pg no.21","Pg no.22&23","RP-2000","2000","Projected with scale AA","2 years for men, 1 years for women",NA,"Level percent of payroll, closed","17 years","PUC","0.08",NA,"0.08","5 years","9.7299999999999998E-2","0.15820000000000001",6.89404276407191e-05,NA,10584795000,25505610000,14920815000,"0.41499999999999998","3487577000",333300000,286900000,NA,NA,31200000,NA,NA,NA,0,"65300000",NA,NA,NA,17300000,"29300000",-231300000,NA,"-310200000",NA,76500000,NA,NA,323500000,"1647000000",NA,NA,NA,NA,"-193400000",1.039e+09,1042200000,NA,"Yes","NA","NA","NA","PUC","NA","1268935000","1268890000","45000","0.99996453719063627","10584800000","25505600000","14920800000","0.41499999999999998","3487600000","0.36384189700653746","NA","10472810000",0.410608258578508,NA,0.1562,NA,1570558000,NA,"722000","0",1571280000,"Connecticut SERS","Connecticut State Employees Retirement System"
"15",318,"CONNECTICUT STATE EMPLOYEESâ€™ RETIREMENT SYSTEM",2015,"41820","41820","42185",45803,1457,NA,49976,97236,"0.08","4.3499999999999997E-2","3.8199999999999998E-2","NA","0.08","0.08","27192467000","10668380000","16524087000","0.39229999999999998","3618361000",1306828000,2602000,0,0.381164013209296,0.379080749543785,"1379189000","1371651000",7538000,0.994534469169925,"310472000","2052651000","0",0,0,"-187339000",-833861000,107890000,"0",0,-142985000,"0",1306828000,"7.0000000000000007E-2","0.08","0.09","19655877000","16524087000","13885597000","5.73","26486933000","310472000","2052651000","0","0","0","1371651000","187339000","294412000","-1650465000",-7124000,"-1657589000","0",NA,NA,"10472567000","16524087000","2016/2017","Cavanaugh Macdonald Consulting,LLC",NA,"0.08",NA,"1281917659",NA,"0.3569",NA,1558989467,187338535,NA,NA,NA,NA,"0.43690000000000001","2.00% - 5.00%","Range",NA,NA,"Tier I- 50% FAE+ 2%; Tier I Plan B-2% FAE+1-2.5%, Min $833; Tier I Plan C-2%/2.5% FAE, Min $833; Tier II,IIA & III- 2.5% FAE + 2%, Min $360; Tier II,IIA& III all others- 1.333% FAE+0.50%+1.625%, Min $360","COLA",NA,"0.02",NA,"7.5%.","No","No","Mix","No","Yes",NA,NA,"0.03","0.08","3.7499999999999999E-2","4.00%- 20.00%","Pg no.13","Pg no.14","RP-2000","2000","Projected with scale AA","2 years for men, 1 years for women",NA,"Level percent of payroll, closed","16 years","PUC","0.08",NA,"0.08","5 years","8.3299999999999999E-2","2.76E-2",7.33925691664038e-05,NA,11375781000,26255513000,14879732000,"0.433","3592204000",NA,NA,NA,NA,NA,NA,NA,NA,NA,NA,NA,NA,NA,NA,NA,NA,NA,NA,NA,NA,NA,NA,NA,NA,NA,NA,NA,NA,NA,NA,NA,NA,"Yes","NA","NA","NA","PUC","NA","1379189000","1371651000","7538000","0.99453446916992527","11375781000","26255513000","14879732000","0.43330000000000002","3592204000","0.38393949786816117","NA","10668655000",0.406339613322353,NA,0.0283,NA,1657585000,NA,"783000","0",1658368000,"Connecticut SERS","Connecticut State Employees Retirement System"
"16",318,"CONNECTICUT STATE EMPLOYEESâ€™ RETIREMENT SYSTEM",2016,"42551","42185","42551",48191,1412,NA,50019,99622,"6.9000000000000006E-2","3.8199999999999998E-2","3.0099999999999998E-2","NA","0.08","6.9000000000000006E-2","33616716000","10653792000","22962924000","0.31690000000000002","3720751000",2491118000,5452126000,0,0.407032612502153,0.403629536080216,"1514467000","1501805000",12662000,0.991639302804221,"322114000","2105947000","0",134862000,865568000,"-135029000",-852890000,170598000,"651000",0,-35095000,"-85608000",2491118000,"5.8999999999999997E-2","6.9000000000000006E-2","7.9000000000000001E-2","27250098000","22962924000","19395014000","5.73","27192467000","322114000","2105947000","0","772762000","4959705000","1501805000","135029000","-100000","-1729181000",-7098000,"-1736279000","-651000","85608000",NA,"10668380000","22962924000","2017/2018","Cavanaugh Macdonald Consulting,LLC","0.1208","9.8299999999999998E-2","2.2499999999999999E-2","1282836995",NA,"0.3448",NA,1636833529,135028539,NA,NA,NA,NA,"0.44309999999999999","2.00% - 5.00%","Range",NA,NA,"Tier I- 50% FAE+ 2%; Tier I Plan B-2% FAE+1-2.5%, Min $833; Tier I Plan C-2%/2.5% FAE, Min $833; Tier II,IIA & III- 2.5% FAE + 2%, Min $360; Tier II,IIA& III all others- 1.40% FAE+0.433%+1.625%, Min $360","COLA",NA,"0.02",NA,"7.5%.","No","No","Mix","No","Yes",NA,NA,"2.5000000000000001E-2","6.9000000000000006E-2","3.5000000000000003E-2","3.50%- 19.50%","Pg no.23","Pg no.24&25","RP-2014 White Collar Mortality Table","2014","projected to 2020 by Scale BB",NA,NA,"Level percent of payroll, closed","25.1 years","EAN","6.9000000000000006E-2",NA,"6.9000000000000006E-2","5 years","5.2999999999999999E-2","-1.6000000000000001E-3",6.11050037395136e-05,NA,11922966000,33616716000,21693750000,"0.35499999999999998","3720751000",232500000,343300000,NA,NA,55800000,NA,NA,NA,65900000,NA,NA,NA,NA,24900000,"1800000",203300000,NA,"282800000",NA,-181100000,NA,NA,371700000,"6773000000",NA,NA,NA,NA,"5918700000",1160700000,1154700000,NA,"Yes","NA","NA","NA","EAN","NA","1514467000","1501805000","12662000","0.99163930280422086","11922966000","33616716000","21693750000","0.35499999999999998","3720751000","0.40703261250215345","NA","10653792000",0.316919475418122,NA,0.0023,NA,1736279000,NA,"651000","0",1736279000,"Connecticut SERS","Connecticut State Employees Retirement System"
"17",318,"CONNECTICUT STATE EMPLOYEESâ€™ RETIREMENT SYSTEM",2017,"42551","42551","42916",NA,NA,NA,NA,NA,"6.9000000000000006E-2","3.0099999999999998E-2",NA,NA,"6.9000000000000006E-2","6.9000000000000006E-2","33052692000","11981777000","21070915000","0.36249999999999999","3850978000",NA,NA,NA,0.407465843741512,0.400495146947087,"1569142000","1542298000",26844000,0.982892561667459,"480350000","2255533000","-1444220000",NA,NA,"-132557000",NA,NA,"674000",NA,NA,NA,NA,"5.8999999999999997E-2","6.9000000000000006E-2","7.9000000000000001E-2","24368097000","21070915000","16963470000",NA,"33616716000","480350000","2255533000","-1444220000","0","0","1542298000","132557000","1509862000","-1847715000",-7972000,"-1855687000","-674000","-371000",NA,"10653792000","21070915000","2018/2019","Cavanaugh Macdonald Consulting,LLC",NA,NA,NA,"1180377000",NA,NA,NA,1674855441,132557554,NA,NA,NA,NA,NA,"2.00% - 5.00%","Range",NA,NA,"Tier I- 50% FAE+ 2%; Tier I Plan B-2% FAE+1-2.5%, Min $833; Tier I Plan C-2%/2.5% FAE, Min $833; Tier II,IIA,III&IV- 2.5% FAE + 2%, Min $360; Tier II,IIA& III all others- 1.40% FAE+0.433%+1.625%, Min $360; Tier IV all others -1.30% FAE, Min $360","COLA",NA,"0.02",NA,"7.5%.","No","No","Mix","No","Yes",NA,NA,"2.5000000000000001E-2","6.9000000000000006E-2","3.5000000000000003E-2","3.50%- 19.50%","Pg no.13","Pg no.14&15","RP-2014 White Collar Mortality Table","2014","projected to 2020 by Scale BB",NA,NA,"Level percent of payroll, closed","24.6 years","EAN","6.9000000000000006E-2",NA,"6.9000000000000006E-2","5 years","6.9400000000000003E-2","0.13819999999999999",5.62520901532385e-05,NA,12593751000,33077609000,20483858000,"0.38100000000000001","3850978000",NA,NA,NA,NA,NA,NA,NA,NA,NA,NA,NA,NA,NA,NA,NA,NA,NA,NA,NA,NA,NA,NA,NA,NA,NA,NA,NA,NA,NA,NA,NA,NA,"Yes","NA","NA","NA","EAN","NA","1569142000","1542298000","26844000","0.98289256166745909","12593751000","33077609000","20483858000","0.38100000000000001","3850978000","0.4074658437415119","NA","11981777000",0.36223225808129,NA,0.1432,NA,1855687000,NA,"674000","371000",1856732000,"Connecticut SERS","Connecticut State Employees Retirement System"
"18",318,"CONNECTICUT STATE EMPLOYEESâ€™ RETIREMENT SYSTEM",2018,"43281","42916","43281",50441,1281,NA,49153,100875,"6.9000000000000006E-2",NA,"3.8699999999999998E-2","NA","6.9000000000000006E-2","6.9000000000000006E-2","34214163000","12527542000","21686621000","0.36620000000000003","3428068000",2689667000,3128460000,67993000,0.420968895599504,0.420952268158041,"1443110000","1443053000",57000,0.999960501971437,"429321000","2212890000","0",85621000,0,"-193942000",-815365000,-12116000,"391000",1000430000,-20702000,"3139000",2689667000,"5.8999999999999997E-2","6.9000000000000006E-2","7.9000000000000001E-2","25878834000","21686621000","18188677000","5.64","33052692000","429321000","2212890000","0","482904000","0","1443053000","193942000","875944000","-1955985000",-7659000,"-1963644000","-391000","-3139000",NA,"11981777000","21686621000","2019/2020","Cavanaugh Macdonald Consulting,LLC","0.107","6.8699999999999997E-2","3.8300000000000001E-2","1380904981",NA,"0.40279999999999999",NA,1637996243,193942825,NA,NA,NA,NA,"0.47149999999999997","2.00% - 5.00%","Range",NA,NA,"Tier I- 50% FAE+ 2%; Tier I Plan B-2% FAE+1-2.5%, Min $833; Tier I Plan C-2%/2.5% FAE, Min $833; Tier II,IIA,III&IV- 2.5% FAE + 2%, Min $360; Tier II,IIA& III all others- 1.40% FAE+0.433%+1.625%, Min $360; Tier IV all others -1.30% FAE, Min $360","COLA",NA,"0.02",NA,"7.5%.","No","No","Mix","No","Yes",NA,NA,"2.5000000000000001E-2","6.9000000000000006E-2","3.5000000000000003E-2","3.50%- 19.50%","Pg no.23","Pg no.24&25","RP-2014 White Collar Mortality Table","2014","projected to 2020 by Scale BB",NA,NA,"Level percent of payroll, closed","27.9 years","EAN","6.9000000000000006E-2",NA,"6.9000000000000006E-2",NA,NA,"7.1300000000000002E-2",3.12112304233344e-05,NA,12991228000,34214163000,21222935000,"0.38","3428068000",3900000,-91600000,NA,NA,0,36800000,NA,NA,102800000,"0",NA,NA,NA,1.5e+07,"-63500000",36500000,NA,"165100000",NA,279800000,NA,NA,401600000,"835500000",NA,NA,NA,NA,"121300000",1377300000,1384900000,NA,"Yes","NA","NA","NA","EAN","NA","1443110000","1443053000","57000","0.99996050197143671","12991228000","34214163000","21222935000","0.38","3428068000","0.42096889559950385","NA","12527542000",0.366150766277696,NA,0.073,NA,1963644000,NA,"391000","3139000",1967174000,"Connecticut SERS","Connecticut State Employees Retirement System"
"19",318,"CONNECTICUT STATE EMPLOYEESâ€™ RETIREMENT SYSTEM",2019,"43646","43281","43646",51745,2185,NA,49429,103359,"6.9000000000000006E-2","3.8699999999999998E-2","3.5000000000000003E-2","NA","6.9000000000000006E-2","6.9000000000000006E-2","36087938000","13275693000","22812245000","0.3679","3686365000",2771357000,3047337000,54280000,0.427124552235061,0.428151580215198,"1574537000","1578323000",-3786000,1.00240451637529,"391941000","2290633000","0",219416000,0,"-489099000",-865710000,30970000,"693000",1196217000,0,"-3704000",2771357000,"5.8999999999999997E-2","6.9000000000000006E-2","7.9000000000000001E-2","27243891000","22812245000","19115541000","5.58","34214163000","391941000","2290633000","0","1224344000","0","1578323000","489099000","710861000","-2026793000",-6350000,"-2033143000","-693000","3704000",NA,"12527542000","22812245000","2020/2021","Cavanaugh Macdonald Consulting,LLC","9.8599999999999993E-2","5.7000000000000002E-2","4.1599999999999998E-2","1596465638",NA,"0.43309999999999998",NA,2067422076,489099453,NA,NA,NA,NA,"0.49009999999999998","2.00% - 5.00%","Range",NA,NA,"Tier I- 50% FAE+ 2%; Tier I Plan B-2% FAE+1-2.5%, Min $833; Tier I Plan C-2%/2.5% FAE, Min $833; Tier II,IIA,III&IV- 2.5% FAE + 2%, Min $360; Tier II,IIA& III all others- 1.40% FAE+0.433%+1.625%, Min $360; Tier IV all others -1.30% FAE, Min $360","COLA",NA,"0.02",NA,"7.5%.","No","No","Yes","No","Yes",NA,NA,"2.5000000000000001E-2","6.9000000000000006E-2","3.5000000000000003E-2","3.50%- 19.50%","Pg no.27","Pg no.28&29","RP-2014 White Collar Mortality Table","2014","projected to 2020 by Scale BB",NA,NA,"Level percent of payroll, closed","26.8 years","EAN","6.9000000000000006E-2",NA,"6.9000000000000006E-2",NA,NA,"5.67E-2",5.22006647788556e-05,NA,13795389000,36087938000,22292549000,"0.38200000000000001","3686365000",129900000,311400000,NA,NA,0,90700000,NA,NA,-81300000,"0",NA,NA,NA,3.1e+07,"100500000",520700000,NA,"142700000",NA,104400000,NA,NA,366600000,"1068700000.0000007",NA,NA,NA,NA,"0",1419500000,0,NA,"Yes","NA","NA","NA","EAN","NA","1574537000","1578323000","-3786000","1.0024045163752899","13795389000","36087938000","22292549000","0.38200000000000001","3686365000","0.42712455223506085","NA","13275693000",0.367870644202503,NA,0.0588,NA,2033144000,NA,"693000","0",2033837000,"Connecticut SERS","Connecticut State Employees Retirement System"
"20",318,"CONNECTICUT STATE EMPLOYEESâ€™ RETIREMENT SYSTEM",2020,"44012","43646","44012",52498,2437,NA,47662,102597,"6.9000000000000006E-2","3.5000000000000003E-2","2.2100000000000002E-2","NA","6.9000000000000006E-2","6.9000000000000006E-2","36971136000","13249488000","23721648000","0.3584","3672443000",3206769000,2312003000,0,0.440116293159622,0.44011901614266,"1616302000","1616312000",-10000,1.00000618696258,"388671000","2416577000","0",37843000,0,"-192716000",-904943000,121841000,"782000",1338714000,0,"0",3206769000,"5.8999999999999997E-2","6.9000000000000006E-2","7.9000000000000001E-2","28183095000","23721648000","19993063000","5.5","36087938000","388671000","2416577000","0","208138000","0","1616312000","192716000","295737000","-2120811000",-9377000,"-2130188000","-782000","0",NA,"13275693000","23721648000","2021/2022","Cavanaugh Macdonald Consulting,LLC","0.1011","5.79E-2","4.3200000000000002E-2","1780653912",NA,"0.4849",NA,1809027590,192715653,NA,NA,NA,NA,"0.54279999999999995","2.00% - 8.00%","Range",NA,NA,"Tier I- 50% FAE+ 2%; Tier I Plan B-2% FAE+1-2.5%, Min $833; Tier I Plan C-2%/2.5% FAE, Min $833; Tier II,IIA,III&IV- 2.5% FAE + 2%, Min $360; Tier II,IIA& III all others- 1.40% FAE+0.433%+1.625%, Min $360; Tier IV all others -1.30% FAE, Min $360","COLA",NA,"0.02",NA,"7.5%.","No","No","Yes","No","Yes",NA,NA,"2.5000000000000001E-2","6.9000000000000006E-2","3.5000000000000003E-2","3.50%- 19.50%","Pg no.27","Pg no.28&29","RP-2014 White Collar Mortality Table","2014","projected to 2020 by Scale BB",NA,NA,"Level percent of payroll, closed","25.8 years","EAN","6.9000000000000006E-2",NA,"6.9000000000000006E-2",NA,NA,"2.2599999999999999E-2",5.90211485907984e-05,NA,14242897000,36971136000,22728239000,"0.38500000000000001","3672443000",232900000,1.68e+08,NA,NA,NA,3.2e+07,NA,NA,-78100000,"0",NA,NA,NA,8200000,"-22900000",-9.8e+07,NA,"106000000",NA,31100000,NA,NA,363600000,"-14299999.999999272",NA,NA,NA,NA,"0",1501900000,0,NA,"Yes","NA","NA","NA","EAN","NA","1616312000","1616312000","0","1","14242897000","36971136000","22728239000","0.38500000000000001","3672443000","0.44011901614266036","NA","13249488000",0.358373840609063,NA,0.0186,NA,2130188000,NA,"782000","0",2130969211,"Connecticut SERS","Connecticut State Employees Retirement System"
"21",318,"CONNECTICUT STATE EMPLOYEESâ€™ RETIREMENT SYSTEM",2021,"44377","44012","44377",53699,2086,NA,48014,103799,"6.9000000000000006E-2","2.2100000000000002E-2","2.1299999999999999E-2","NA","6.9000000000000006E-2","6.9000000000000006E-2","38344444000","17080640000","21263804000","0.44550000000000001","3847146000",1708402000,1471204000,1538544000,0.469622936067412,0.464474964038277,"1806708000","1786903000",19805000,0.989038073667687,"396602000","2474161000","0",146013000,-9051000,"-194775000",-907842000,-478675000,"568000",1073197000,-15510000,"-776286000",1708402000,"5.8999999999999997E-2","6.9000000000000006E-2","7.9000000000000001E-2","25841328000","21263804000","17446737000","5.33","36971136000","396602000","2474161000","0","778249000","-48241000","1786903000","194775000","3301219000","-2217508000",-9955000,"-2227463000","-568000","776286000",NA,"13249488000","21263804000","2022/2023","Cavanaugh Macdonald Consulting,LLC","0.1056","6.0400000000000002E-2","4.5199999999999997E-2","1910858195",NA,"0.49669999999999997",NA,1981677789,194774964,NA,NA,NA,NA,"0.55710000000000004","2.00% - 8.00%","Range",NA,NA,"Tier I- 50% FAE+ 2%; Tier I Plan B-2% FAE+1-2.5%, Min $833; Tier I Plan C-2%/2.5% FAE, Min $833; Tier II,IIA,III&IV- 2.5% FAE + 2%, Min $360; Tier II,IIA& III all others- 1.40% FAE+0.433%+1.625%, Min $360; Tier IV all others -1.30% FAE, Min $360","COLA",NA,"0.02",NA,"7.5%.","No","No","Yes","No","Yes",NA,NA,"2.5000000000000001E-2","6.9000000000000006E-2","0.03","3.00%- 11.50%","Pg No.29","Pg no.30&31","Pub-2010 Mortality Tables","2010","scale MP-2020",NA,NA,"Level dollar, closed","24.8 years","EAN","6.9000000000000006E-2",NA,"6.9000000000000006E-2",NA,NA,"0.24390000000000001",3.3254023268449e-05,NA,15946862000,38344444000,22397582000,"0.41599999999999998","3847146000",-2.79e+08,149900000,NA,NA,NA,42600000,NA,NA,NA,"-84500000",NA,NA,NA,10600000,"16300000",157600000,NA,"94600000",NA,-522500000,NA,NA,3.71e+08,"-330600000",NA,"217200000",NA,NA,"-48200000",1525500000,NA,NA,"Yes","NA","NA","NA","EAN","NA","1806708000","1848524000","-41816000","1.0231448579405193","15946862000","38344444000","22397582000","0.41599999999999998","3847146000","0.46962293606741207","NA","17080640000",0.445452801454104,NA,0.2436,NA,2227462000,NA,"568000","5402000",2233432000,"Connecticut SERS","Connecticut State Employees Retirement System"
"22",318,"CONNECTICUT STATE EMPLOYEESâ€™ RETIREMENT SYSTEM",2022,"44742","44377","44742",56778,2862,NA,46661,106301,"6.9000000000000006E-2","2.1299999999999999E-2","3.3700000000000001E-2","NA","6.9000000000000006E-2","6.9000000000000006E-2","40656964000","18603725000","22053239000","0.45760000000000001","3787016000",264053000,3337362000,30139000,0.526311745184071,0.752355152447204,"1993151000","2849181000",-856030000,1.42948577403318,"434436000","2563570000","0",329519000,0,"-202270000",-1172834000,537230000,"0",488893000,-347030000,"-2367461000",264053000,"5.8999999999999997E-2","6.9000000000000006E-2","7.9000000000000001E-2","26910713000","22053239000","18004790000","5.15","38344444000","434436000","2563570000","0","1697023000","0","2849181000","202270000","-1513318000","-2369853000",-12656000,"-2382509000","0","2367461000",NA,"17080640000","22053239000","2023/2024","Cavanaugh Macdonald Consulting,LLC","0.10580000000000001","5.8900000000000001E-2","4.6899999999999997E-2","1817213773",NA,"0.47989999999999999",NA,2216423215,202269632,NA,NA,NA,NA,"0.53879999999999995","2.00% - 8.00%","Range",NA,NA,"Tier I- 50% FAE+ 2%; Tier I Plan B-2% FAE+1-2.5%, Min $833; Tier I Plan C-2%/2.5% FAE, Min $833; Tier II,IIA,III&IV- 2.5% FAE + 2%, Min $360; Tier II,IIA& III all others- 1.40% FAE+0.433%+1.625%, Min $360; Tier IV all others -1.30% FAE, Min $360","COLA",NA,"0.02",NA,"7.5%.","No","No","Yes","No","Yes",NA,NA,"2.5000000000000001E-2","6.9000000000000006E-2","0.03","3.00%- 11.50%","Pg No.28","Pg no.29&30","Pub-2010 Mortality Tables","2010","scale MP-2020",NA,NA,"Level dollar, closed","23.7 years","EAN","6.9000000000000006E-2",NA,"6.9000000000000006E-2",NA,NA,"-8.1600000000000006E-2",0,NA,19726002000,40656964000,20930962000,"0.48499999999999999","3787016000",298500000,320600000,NA,NA,NA,34600000,NA,NA,NA,"-67200000",NA,NA,NA,10100000,"9000000",240200000,NA,"25800000",NA,266900000,NA,NA,406400000,"-1466599999.9999986",NA,"840000000",NA,NA,"0",1.497e+09,NA,NA,"Yes","NA","NA","NA","EAN","NA","1993151000","2014154000","-21003000","1.0105375859631307","19726002000","40656964000","20930962000","0.48499999999999999","3787016000","0.52631174518407109","NA","18603725000",0.457577821108335,NA,-0.0763,NA,2382509000,NA,"-","-",2382509000,"Connecticut SERS","Connecticut State Employees Retirement System"
"23",317,"Connecticut Teachers Retirement System",2001,NA,NA,NA,NA,NA,NA,NA,NA,NA,NA,NA,NA,NA,NA,NA,NA,NA,NA,NA,NA,NA,NA,NA,NA,NA,NA,NA,NA,NA,NA,NA,NA,NA,NA,NA,NA,NA,NA,NA,NA,NA,NA,NA,NA,NA,NA,NA,NA,NA,NA,NA,NA,NA,NA,NA,NA,NA,NA,NA,NA,NA,NA,NA,NA,NA,NA,NA,NA,NA,NA,NA,NA,NA,NA,388550135,166822365,NA,NA,NA,NA,NA,NA,NA,NA,NA,NA,NA,NA,NA,NA,NA,NA,NA,NA,NA,NA,NA,NA,NA,NA,NA,NA,NA,NA,NA,NA,NA,NA,NA,NA,NA,NA,NA,NA,NA,NA,"9.2600000000000002E-2","-3.7100000000000001E-2",NA,NA,NA,NA,NA,NA,NA,NA,NA,NA,NA,NA,NA,NA,NA,NA,NA,NA,NA,NA,NA,NA,NA,NA,NA,NA,NA,NA,NA,NA,NA,NA,NA,NA,NA,NA,NA,NA,NA,NA,"252500000","214625000","37875000",NA,"0.85","NA","NA","NA","NA","0","0","0","0","0","NA",NA,NA,NA,NA,NA,NA,-683083919,-7590611,"0","0",-690674530,"Connecticut Teachers","Connecticut State Teachers’ Retirement System"
"24",317,"Connecticut Teachers Retirement System",2002,NA,NA,NA,NA,NA,NA,NA,NA,NA,NA,NA,NA,NA,NA,NA,NA,NA,NA,NA,NA,NA,NA,NA,NA,NA,NA,NA,NA,NA,NA,NA,NA,NA,NA,NA,NA,NA,NA,NA,NA,NA,NA,NA,NA,NA,NA,NA,NA,NA,NA,NA,NA,NA,NA,NA,NA,NA,NA,NA,NA,NA,NA,NA,NA,NA,"2003-2004","Gabriel, Roeder, Smith & Compay","0.09","0.03","0.06",NA,"6.2700000000000006E-2","6.2700000000000006E-2",NA,391607078,183771410,NA,NA,NA,NA,"9.2700000000000005E-2","0.06","Single Rate",NA,NA,"2% times years of cr service times ave annual salary (max 75%) plus additional amounts derived from 6th % contrib made before 07/01/89 and voluntary contrib. Min benefit= $1200(for normal retirement, 25yrs< full time service)","COLA","Percentage",NA,"0.03","0.05","No","No","Yes","Yes","No","No","No","0.04","8.5000000000000006E-2","0.04","4.0%-8.0%","Pg 44","Pg 43","1994 Group Annuity Mortality Table (94 GAM)","1994",NA,"2 Years for males, 1 Year for females",NA,"Level percent of payroll","(i)Plan in effect 6/30/91= 29Yrs; (ii)Public Act 82-91=10yrs; (iii)Public Act 87-381=15yrs; (iv) Public Act 92-205=20yrs; (v)Public Act 98-251=25yrs","Entry Age","8.5000000000000006E-2","No","8.5000000000000006E-2","4 Years","3.73E-2","-6.5799999999999997E-2",NA,"No",10387300000,13679900000,3292600000,"0.75900000000000001","2698300000",NA,NA,NA,NA,NA,NA,NA,NA,NA,NA,NA,NA,NA,NA,NA,NA,NA,NA,NA,NA,NA,NA,NA,NA,NA,NA,NA,NA,NA,NA,NA,NA,NA,"210700000","204589700","6110300","Entry Age","0.97099999999999997","NA","NA","NA","NA","10387300000","13679900000","3292600000","0.75900000000000001","2698300000","NA","7.808620242374828E-2",NA,0,NA,NA,NA,-747349673,-7305804,"0","0",-754655477,"Connecticut Teachers","Connecticut State Teachers’ Retirement System"
"25",317,"Connecticut Teachers Retirement System",2003,NA,NA,NA,NA,NA,NA,NA,NA,NA,NA,NA,NA,NA,NA,NA,NA,NA,NA,NA,NA,NA,NA,NA,NA,NA,NA,NA,NA,NA,NA,NA,NA,NA,NA,NA,NA,NA,NA,NA,NA,NA,NA,NA,NA,NA,NA,NA,NA,NA,NA,NA,NA,NA,NA,NA,NA,NA,NA,NA,NA,NA,NA,NA,NA,NA,NA,NA,NA,NA,NA,NA,NA,NA,NA,359379343,174903812,NA,NA,NA,NA,NA,NA,NA,NA,NA,NA,NA,NA,NA,NA,NA,NA,NA,NA,NA,NA,NA,NA,NA,NA,NA,NA,NA,NA,NA,NA,NA,NA,NA,NA,NA,NA,NA,NA,NA,NA,"1.3899999999999999E-2","2.1299999999999999E-2",NA,NA,NA,NA,NA,NA,NA,NA,NA,NA,NA,NA,NA,NA,NA,NA,NA,NA,NA,NA,NA,NA,NA,NA,NA,NA,NA,NA,NA,NA,NA,NA,NA,NA,NA,NA,NA,NA,NA,NA,"221200000","179835600","41364400",NA,"0.81299999999999994","NA","NA","NA","NA","0","0","0","0","0","NA",NA,NA,NA,NA,NA,NA,-818016791,0,"0","0",-818016791,"Connecticut Teachers","Connecticut State Teachers’ Retirement System"
"26",317,"Connecticut Teachers Retirement System",2004,NA,NA,NA,NA,NA,NA,NA,NA,NA,NA,NA,NA,NA,NA,NA,NA,NA,NA,NA,NA,NA,NA,NA,NA,NA,NA,NA,NA,NA,NA,NA,NA,NA,NA,NA,NA,NA,NA,NA,NA,NA,NA,NA,NA,NA,NA,NA,NA,NA,NA,NA,NA,NA,NA,NA,NA,NA,NA,NA,NA,NA,NA,NA,NA,NA,"2005-2006","Gabriel, Roeder, Smith & Compay","9.01E-2","3.0099999999999998E-2","0.06",NA,"9.4899999999999998E-2","9.4899999999999998E-2",NA,400528356,213684858,NA,NA,NA,NA,"0.125","0.06","Single Rate",NA,NA,"2% times years of cr service times ave annual salary (max 75%) plus additional amounts derived from 6th % contrib made before 07/01/89 and voluntary contrib. Min benefit= $1200(for normal retirement, 25yrs< full time service)","COLA","Percentage",NA,"0.03","0.05","No","No","Yes","Yes","No","No","No","0.04","8.5000000000000006E-2","0.04","4.0%-8.0%","Pg 46","Pg 45","1994 Group Annuity Mortality Table (94 GAM)","1994",NA,"2 Years for males, 1 Year for females",NA,"Level percent of payroll, closed","(i)Plan in effect 6/30/91= 27Yrs; (ii)Public Act 82-91=8yrs; (iii)Public Act 87-381=13yrs; (iv) Public Act 92-205=18yrs; (v)Public Act 98-251=23yrs","Entry Age","8.5000000000000006E-2","No","8.5000000000000006E-2","4 Years","1.0800000000000001E-2","0.15340000000000001",NA,"No",9846700000,15070500000,5223800000,"0.65300000000000002","2930800000",-1753241613,NA,NA,NA,NA,NA,NA,NA,NA,NA,NA,NA,NA,NA,NA,NA,NA,NA,NA,NA,NA,166228204,252562068,"1929750471",NA,NA,NA,NA,NA,587418142,NA,NA,NA,"270500000","185292500","85207500","Entry Age","0.68500000000000005","NA","NA","NA","NA","9846700000","15070500000","5223800000","0.65300000000000002","2930800000","NA","9.229561894363314E-2",NA,0,NA,NA,1929750471,-883170773,0,"0","0",-883170773,"Connecticut Teachers","Connecticut State Teachers’ Retirement System"
"27",317,"Connecticut Teachers Retirement System",2005,NA,NA,NA,NA,NA,NA,NA,NA,NA,NA,NA,NA,NA,NA,NA,NA,NA,NA,NA,NA,NA,NA,NA,NA,NA,NA,NA,NA,NA,NA,NA,NA,NA,NA,NA,NA,NA,NA,NA,NA,NA,NA,NA,NA,NA,NA,NA,NA,NA,NA,NA,NA,NA,NA,NA,NA,NA,NA,NA,NA,NA,NA,NA,NA,NA,NA,NA,NA,NA,NA,NA,NA,NA,NA,403382496,215577577,NA,NA,NA,NA,NA,NA,NA,NA,NA,NA,NA,NA,NA,NA,NA,NA,NA,NA,NA,NA,NA,NA,NA,NA,NA,NA,NA,NA,NA,NA,NA,NA,NA,NA,NA,NA,NA,NA,NA,NA,"4.2900000000000001E-2","0.10489999999999999",NA,NA,NA,NA,NA,NA,NA,NA,NA,NA,NA,NA,NA,NA,NA,NA,NA,NA,NA,NA,NA,NA,NA,NA,NA,NA,NA,NA,NA,NA,NA,NA,NA,NA,NA,NA,NA,NA,NA,NA,"281400000","185161199.99999997","96238800.00000003",NA,"0.65799999999999992","NA","NA","NA","NA","0","0","0","0","0","NA",NA,NA,NA,NA,NA,NA,-972618167,0,"0","0",-972618167,"Connecticut Teachers","Connecticut State Teachers’ Retirement System"
"28",317,"Connecticut Teachers Retirement System",2006,NA,NA,NA,NA,NA,NA,NA,NA,NA,NA,NA,NA,NA,NA,NA,NA,NA,NA,NA,NA,NA,NA,NA,NA,NA,NA,NA,NA,NA,NA,NA,NA,NA,NA,NA,NA,NA,NA,NA,NA,NA,NA,NA,NA,NA,NA,NA,NA,NA,NA,NA,NA,NA,NA,NA,NA,NA,NA,NA,NA,NA,NA,NA,NA,NA,"2007-2008","Gabriel Roeder Smith & Company","8.8900000000000007E-2","2.8899999999999999E-2","0.06",NA,"0.1239","0.1239",NA,653437146,254385663,NA,NA,NA,NA,"0.15279999999999999","0.06","Single Rate",NA,NA,"2% times years of cr service times ave annual salary (max 75%) plus additional amounts derived from 6th % contrib made before 07/01/89 and voluntary contrib. Min benefit= $1200(for normal retirement, 25yrs< full time service)","COLA","Percentage",NA,"0.03","0.05","No","No","Yes","Yes","No","No","No","0.04","8.5000000000000006E-2","0.04","4.0%-7.5%","Pg 45","Pg 44","2000 Retired Pensioners Combined Mortality Table","2000","Scale AA","2 Years for males and females",NA,"Level percent of payroll, closed","(i)Plan in effect 6/30/91= 25Yrs; (ii)Public Act 82-91=6yrs; (iii)Public Act 87-381=11yrs; (iv) Public Act 92-205=16yrs; (v)Public Act 98-251=21yrs","Entry Age","8.5000000000000006E-2","No","8.5000000000000006E-2","4 Years","8.9099999999999999E-2","0.1108",0,"No",10190300000,17112800000,6922500000,"0.59499999999999997","3137700000",-458269122,NA,NA,NA,NA,NA,NA,NA,NA,NA,NA,NA,NA,NA,NA,NA,NA,NA,NA,NA,NA,-817936198,274630804,"1698655274",NA,NA,NA,NA,NA,919022755,NA,NA,"Yes","396200000","396200000","0","Entry age","1","NA","NA","NA","NA","10190300000","17112800000","6922500000","0.59499999999999997","3137700000","NA","0.12627083532523822","12202652000",0.713071618905147,NA,NA,1698655274,1060956000,0,"0","0",1060956000,"Connecticut Teachers","Connecticut State Teachers’ Retirement System"
"29",317,"Connecticut Teachers Retirement System",2007,NA,NA,NA,NA,NA,NA,NA,NA,NA,NA,NA,NA,NA,NA,NA,NA,NA,NA,NA,NA,NA,NA,NA,NA,NA,NA,NA,NA,NA,NA,NA,NA,NA,NA,NA,NA,NA,NA,NA,NA,NA,NA,NA,NA,NA,NA,NA,NA,NA,NA,NA,NA,NA,NA,NA,NA,NA,NA,NA,NA,NA,NA,NA,NA,NA,NA,NA,NA,NA,NA,NA,NA,NA,NA,651280353,236417675,NA,NA,NA,NA,NA,NA,NA,NA,NA,NA,NA,NA,NA,NA,NA,NA,NA,NA,NA,NA,NA,NA,NA,NA,NA,NA,NA,NA,NA,NA,NA,NA,NA,NA,NA,NA,NA,NA,NA,NA,"0.12920000000000001","0.17469999999999999",0,NA,NA,NA,NA,NA,NA,NA,NA,NA,NA,NA,NA,NA,NA,NA,NA,NA,NA,NA,NA,NA,NA,NA,NA,NA,NA,NA,NA,NA,NA,NA,NA,NA,NA,NA,NA,NA,NA,"Yes","416000000","411840000","4160000","Entry age","0.99","NA","NA","NA","NA","0","0","0","0","0","NA",NA,"13790810000",NA,NA,NA,NA,1165656000,0,"0","3634000",1169290000,"Connecticut Teachers","Connecticut State Teachers’ Retirement System"
"30",317,"Connecticut Teachers Retirement System",2008,NA,NA,NA,NA,NA,NA,NA,NA,NA,NA,NA,NA,NA,NA,NA,NA,NA,NA,NA,NA,NA,NA,NA,NA,NA,NA,NA,NA,NA,NA,NA,NA,NA,NA,NA,NA,NA,NA,NA,NA,NA,NA,NA,NA,NA,NA,NA,NA,NA,NA,NA,NA,NA,NA,NA,NA,NA,NA,NA,NA,NA,NA,NA,NA,NA,"2009-2010","Gabriel Roeder Smith & Company","0.104","4.3999999999999997E-2","0.06",NA,"0.1081","0.1081",NA,2752531898,232303835,NA,NA,NA,NA,"0.15210000000000001","0.06","Single Rate",NA,NA,"2% times years of cr service times ave annual salary (max 75%) plus additional amounts derived from 6th % contrib made before 07/01/89 and voluntary contrib. Min benefit= $1200(for normal retirement, 25yrs< full time service)","COLA","Percentage",NA,"0.03","0.05","No","No","Yes","Yes","No","No","No","0.04","8.5000000000000006E-2","0.04","4.0%-7.5%","Pg 46","Pg 45","2000 Retired Pensioners Combined Mortality Table","2000","Scale AA","2 Years for males and females",NA,"Level percent of payroll, closed","(i)Plan in effect 6/30/91= 23Yrs; (ii)Public Act 82-91=4yrs; (iii)Public Act 87-381=9yrs; (iv) Public Act 92-205=14yrs; (v)Public Act 98-251=19yrs; (vi)Public Act 07-186=29yrs","Entry Age","8.5000000000000006E-2","No","8.5000000000000006E-2","4 Years","7.6999999999999999E-2","-4.7699999999999999E-2",0,"No",1.5271e+10,2.1801e+10,6.53e+09,"0.7","3399300000",494284430,NA,NA,NA,NA,NA,NA,NA,NA,NA,NA,NA,NA,NA,NA,NA,NA,NA,NA,NA,NA,-187560674,290097738,"-392446687",NA,NA,NA,NA,NA,1575672541,NA,NA,"Yes","518600000","2518840200","-2000240200","Entry age","4.8570000000000002","NA","NA","NA","NA","15271000000","21801000000","6530000000","0.7","3399300000","NA","0.15256082134557114","14554461000",0.667605201596257,NA,NA,-392446687,1283742000,0,"0","0",1283742000,"Connecticut Teachers","Connecticut State Teachers’ Retirement System"
"31",317,"Connecticut Teachers Retirement System",2009,NA,NA,NA,NA,NA,NA,NA,NA,NA,NA,NA,NA,NA,NA,NA,NA,NA,NA,NA,NA,NA,NA,NA,NA,NA,NA,NA,NA,NA,NA,NA,NA,NA,NA,NA,NA,NA,NA,NA,NA,NA,NA,NA,NA,NA,NA,NA,NA,NA,NA,NA,NA,NA,NA,NA,NA,NA,NA,NA,NA,NA,NA,NA,NA,NA,NA,NA,NA,NA,NA,"-437301000",NA,NA,NA,782428000,241552000,NA,NA,NA,NA,NA,NA,NA,NA,NA,NA,NA,NA,NA,NA,NA,NA,NA,NA,NA,NA,NA,NA,NA,NA,NA,NA,NA,NA,NA,NA,NA,NA,NA,NA,NA,NA,NA,NA,NA,NA,NA,NA,0,NA,NA,NA,NA,NA,NA,1054158,NA,NA,NA,NA,NA,NA,NA,NA,NA,NA,NA,NA,NA,"56129000",24948000,NA,NA,NA,163398000,NA,NA,NA,"1351362000",NA,"-46435000",NA,NA,NA,536465000,NA,NA,"Yes","539300000","539300000","0","Entry age","1","NA","NA","NA","NA","0","0","0","0","0","NA",NA,"11410680000",NA,NA,NA,1351362000,1396098000,0,"0","0",1396098000,"Connecticut Teachers","Connecticut State Teachers’ Retirement System"
"32",317,"Connecticut Teachers Retirement System",2010,NA,NA,NA,NA,NA,NA,NA,NA,NA,NA,NA,NA,NA,NA,NA,NA,NA,NA,NA,NA,NA,NA,NA,NA,NA,NA,NA,NA,NA,NA,NA,NA,NA,NA,NA,NA,NA,NA,NA,NA,NA,NA,NA,NA,NA,NA,NA,NA,NA,NA,NA,NA,NA,NA,NA,NA,NA,NA,NA,NA,NA,NA,NA,NA,NA,"2010","Cavanaugh Macdonald Consulting, LLC","0.1011","4.1099999999999998E-2","0.06","-397450000","0.15090000000000001","0.15090000000000001",NA,813287000,253206000,NA,NA,NA,NA,"0.192","0.06","Single Rate",NA,NA,"2% times years of cr service times ave annual salary (max 75%) plus additional amounts derived from 6th % contrib made before 07/01/89 and voluntary contrib. Min benefit= $1200(for normal retirement, 25yrs< full time service)","COLA","Percentage",NA,NA,"Retirements (i)prior to 9/1/92=3%; (i)on/after 9/1/92=2%","No","No","Yes","No","No","No","No","0.04","8.5000000000000006E-2","0.04","4.0%-7.5%","Pg 23","Pg 22","RP-2000 Combined Mortality Table","2000","Scale AA","2 Years for males and females",NA,"Level percent of payroll, closed","(i)Plan in effect 6/30/91= 21Yrs; (ii)Public Act 82-91=2yrs; (iii)Public Act 87-381=7yrs; (iv) Public Act 92-205=12yrs; (v)Public Act 98-251=17yrs; (vi)Public Act 07-186=27yrs","Entry Age","8.5000000000000006E-2","No","8.5000000000000006E-2","4 Years","1.17E-2","0.13450000000000001",0,"No",14430200000,23495900000,9065700000,"0.61399999999999999","3646000000",1068506,NA,NA,NA,NA,NA,NA,NA,NA,NA,NA,NA,NA,NA,"92538000",42096000,NA,NA,NA,NA,NA,NA,NA,"1184359000",NA,"-190164000",NA,NA,NA,653025000,NA,NA,"Yes","559200000","559200000","0","Entry age","1","NA","NA","NA","NA","14430200000","23495900000","9065700000","0.61399999999999999","3646000000","NA","0.15337356006582556","12284330000",0.522828663724309,NA,NA,1184359000,1428516000,0,"0","126000",1428642000,"Connecticut Teachers","Connecticut State Teachers’ Retirement System"
"33",317,"Connecticut Teachers Retirement System",2011,NA,NA,NA,NA,NA,NA,NA,NA,NA,NA,NA,NA,NA,NA,NA,NA,NA,NA,NA,NA,NA,NA,NA,NA,NA,NA,NA,NA,NA,NA,NA,NA,NA,NA,NA,NA,NA,NA,NA,NA,NA,NA,NA,NA,NA,NA,NA,NA,NA,NA,NA,NA,NA,NA,NA,NA,NA,NA,NA,NA,NA,NA,NA,NA,NA,NA,NA,NA,NA,NA,"-413348000",NA,NA,NA,837739000,255244000,NA,NA,NA,NA,NA,NA,NA,NA,NA,NA,NA,NA,NA,NA,NA,NA,NA,NA,NA,NA,NA,NA,NA,NA,NA,NA,NA,NA,NA,NA,NA,NA,NA,NA,NA,NA,NA,NA,NA,NA,NA,NA,0,NA,NA,NA,NA,NA,NA,100373000,-4521000,NA,NA,NA,NA,NA,NA,NA,"-3238000",NA,NA,NA,NA,"-27994000",-271564000,NA,NA,NA,NA,NA,NA,NA,"753352000",NA,"-182922000",NA,NA,NA,745463000,NA,NA,"Yes","581600000","581600000","0","Entry age","1","NA","NA","NA","NA","0","0","0","0","0","NA",NA,"14152237000",NA,NA,NA,753352000,1485398000,0,"0","0",1485398000,"Connecticut Teachers","Connecticut State Teachers’ Retirement System"
"34",317,"Connecticut Teachers Retirement System",2012,NA,NA,NA,NA,NA,NA,NA,NA,NA,NA,NA,NA,NA,NA,NA,NA,NA,NA,NA,NA,NA,NA,NA,NA,NA,NA,NA,NA,NA,NA,NA,NA,NA,NA,NA,NA,NA,NA,NA,NA,NA,NA,NA,NA,NA,NA,NA,NA,NA,NA,NA,NA,NA,NA,NA,NA,NA,NA,NA,NA,NA,NA,NA,NA,NA,"2012","Cavanaugh Macdonald Consulting, LLC","9.7299999999999998E-2","3.73E-2","0.06","-595169000","0.20399999999999999","0.20399999999999999",NA,1020749000,262921000,NA,NA,NA,NA,"0.24129999999999999","0.06","Single Rate",NA,NA,"2% times years of cr service times ave annual salary (max 75%) plus additional amounts derived from 6th % contrib made before 07/01/89 and voluntary contrib. Min benefit= $1200(for normal retirement, 25yrs< full time service)","COLA","Percentage",NA,NA,"Retirements (i)prior to 9/1/92=3%; (i)on/after 9/1/92=2%","No","No","Yes","No","No","No","No","0.03","8.5000000000000006E-2","3.7499999999999999E-2","3.75%-7.00%","Pg 23","Pg 22","RP-2000 Combined Mortality Table","2000","Scale AA","2 Years for males and females",NA,"Level percent of payroll, closed","(i)Plan in effect 6/30/91= 19Yrs; (ii)Public Act 82-91=0yrs; (iii)Public Act 87-381=5yrs; (iv) Public Act 92-205=10yrs; (v)Public Act 98-251=15yrs; (vi)Public Act 07-186=25yrs","Entry Age","8.5000000000000006E-2","No","8.5000000000000006E-2","4 Years","1.72E-2","9.4500000000000001E-2",0,"No",13734800000,24862200000,11127400000,"0.55200000000000005","3652500000",888222000,-1403000,NA,NA,NA,NA,NA,NA,NA,"6199000",NA,NA,NA,NA,"3225000",17527000,NA,NA,NA,NA,NA,NA,NA,"1308316000",NA,"180388000",NA,NA,NA,809327000,NA,NA,"Yes","757200000","757200000","0","Entry age","1","NA","NA","NA","NA","13734800000","24862200000","11127400000","0.55200000000000005","3652500000","NA","0.2073100616016427","13482136000",0.542274456805914,NA,NA,1308316000,1545867000,0,"0","2933000",1548800000,"Connecticut Teachers","Connecticut State Teachers’ Retirement System"
"35",317,"Connecticut Teachers Retirement System",2013,NA,NA,NA,NA,NA,NA,NA,NA,NA,NA,NA,NA,NA,NA,NA,NA,NA,NA,NA,NA,NA,NA,NA,NA,NA,NA,NA,NA,NA,NA,NA,NA,NA,NA,NA,NA,NA,NA,NA,NA,NA,NA,NA,NA,NA,NA,NA,NA,NA,NA,NA,NA,NA,NA,NA,NA,NA,NA,NA,NA,NA,NA,NA,NA,NA,NA,NA,NA,NA,NA,"-618975000",NA,NA,NA,1062923000,275026000,NA,NA,NA,NA,NA,NA,NA,NA,NA,NA,NA,NA,NA,NA,NA,NA,NA,NA,NA,NA,NA,NA,NA,NA,NA,NA,NA,NA,NA,NA,NA,NA,NA,NA,NA,NA,NA,NA,NA,NA,NA,NA,0,NA,NA,NA,NA,NA,NA,-175375000,251314000,NA,NA,NA,NA,NA,NA,NA,"16053000",NA,NA,NA,NA,"-17411000",-143959000,NA,NA,NA,NA,NA,NA,NA,"203429000",NA,"-27740000",NA,NA,NA,919522000,NA,NA,"Yes","787500000","787500000","0","Entry age","1","NA","NA","NA","NA","0","0","0","0","0","NA",NA,"14462903000",NA,NA,NA,203429000,1640387000,0,"0","0",1640387000,"Connecticut Teachers","Connecticut State Teachers’ Retirement System"
"36",317,"Connecticut Teachers Retirement System",2014,"41820",NA,"41820",34310,13011,NA,51433,98754,"8.5000000000000006E-2",NA,"4.3499999999999997E-2","NA",NA,"8.5000000000000006E-2","26349209000","16207755000","10141454000","0.61509999999999998","3930957000",760899000,0,856674000,0.241300019308275,0.241300019308275,"948540000","948540000",0,1,"347198000","2090483000","0",0,0,"-261213000",-1206707000,-214169000,"0",0,0,"5307000",760899000,"7.4999999999999997E-2","8.5000000000000006E-2","9.5000000000000001E-2","12941927000","10141454000","7760969000","6.81 Years","25629823000","347198000","2104895000","0","0","0","949209000","273038000","2250837000","-1732707000",0,"-1732707000","0","0",NA,"14480512000","10128320000","2014","Cavanaugh Macdonald Consulting, LLC","9.7299999999999998E-2","3.7299999999999972E-2","0.06","-801892000","0.19919999999999999","0.19919999999999999",NA,1222247000,273038000,NA,NA,NA,NA,"0.23649999999999999","0.06","Single Rate",NA,NA,"2% times years of cr service times ave annual salary (max 75%) plus additional amounts derived from 6th % contrib made before 07/01/89 and voluntary contrib. Min benefit= $1200(for normal retirement, 25yrs< full time service)","COLA","Percentage",NA,NA,"Retirements (i)prior to 9/1/92=3%; (i)on/after 9/1/92=2%","No","No","Yes","No","No","No","No","0.03","8.5000000000000006E-2","3.7499999999999999E-2","3.75%-7.00%","Pg 22","Pg 21","RP-2000 Combined Mortality Table","2000","Scale AA","2 Years for males and females",NA,"Level percent of payroll, closed","(i)Plan in effect 6/30/91= 17Yrs; (ii)Public Act 87-381=3yrs; (iii) Public Act 92-205=8yrs; (iv)Public Act 98-251=13yrs; (v)Public Act 07-186=23yrs","Entry Age","8.5000000000000006E-2","No","8.5000000000000006E-2","4 Years","0.1046","0.13900000000000001",0,"No",15546500000,26349200000,10802700000,"0.59","3831600000",-372579000,-124187000,NA,NA,NA,NA,NA,NA,NA,"54440000",NA,NA,NA,NA,"-14404000",-132797000,NA,NA,NA,NA,NA,NA,NA,"-528133000",NA,"-65755000",NA,NA,NA,929040000,NA,NA,"Yes","NA","NA","NA","Entry age","NA","948540000","948540000","0","1","15546500000","26349200000","10802700000","0.59","3831600000","0.24755715627936109","NA","16207755000",0.615113741593673,NA,NA,-528133000,1737144000,0,"0","7728000",1744872000,"Connecticut Teachers","Connecticut State Teachers’ Retirement System"
"37",317,"Connecticut Teachers Retirement System",2015,"41820","41820","42185",34310,13011,NA,51433,98754,"8.5000000000000006E-2","4.3499999999999997E-2","3.8199999999999998E-2","NA","8.5000000000000006E-2","8.5000000000000006E-2","27092095000","16120053000","10972042000","0.59499999999999997","4078367000",879137000,78887000,0,0.241300010518916,0.241300010518916,"984110000","984110000",0,1,"404449000","2162174000","0",0,0,"-228100000",-1354682000,180348000,"0",0,-214169000,"-70883000",879137000,"7.4999999999999997E-2","8.5000000000000006E-2","9.5000000000000001E-2","13836635000","10972042000","8537117000","6.81 Years","26349209000","404449000","2162174000","0","0","0","984110000","228100000","452942000","-1773408000",-50329000,"-1823737000","0","57749000",NA,"16220889000","10972042000",NA,NA,NA,NA,NA,"-831963000",NA,NA,NA,1260347000,275568000,NA,NA,NA,NA,NA,NA,NA,NA,NA,NA,NA,NA,NA,NA,NA,NA,NA,NA,NA,NA,NA,NA,NA,NA,NA,NA,NA,NA,NA,NA,NA,NA,NA,NA,NA,NA,NA,NA,NA,NA,NA,NA,0,NA,NA,NA,NA,NA,NA,140056000,50163000,NA,NA,NA,NA,NA,NA,NA,"68936000",NA,NA,NA,NA,"-40904000",-108529000,NA,NA,NA,NA,NA,NA,NA,"118377000",NA,"-42252000",NA,NA,NA,882870000,NA,NA,"Yes","NA","NA","NA","Entry age","NA","984110000","984110000","0","1","0","0","0",NA,"0",NA,"NA","16120053000",NA,NA,NA,118377000,1823737000,0,"0","0",1823737000,"Connecticut Teachers","Connecticut State Teachers’ Retirement System"
"38",317,"Connecticut Teachers Retirement System",2016,"42551","42185","42551",36065,14752,NA,50877,101694,"0.08","3.8199999999999998E-2","3.0099999999999998E-2","NA","8.5000000000000006E-2","0.08","29839923000","15594872000","14245051000","0.52259999999999995","4125066000",1553474000,3094621000,320621000,0.23649997357618,0.23649997357618,"975578000","975578000",0,1,"419616000","2228958000","0",-55184000,324991000,"-293493000",-1348670000,273429000,"0",0,-33821000,"37648000",1553474000,"7.0000000000000007E-2","0.08","0.09","17574399000","14245051000","11430611000","6.81 Years","27092095000","419616000","2228958000","0","-375805000","2213190000","975578000","293493000","-18473000","-1738131000",0,"-1738131000","0","-37648000",NA,"16120053000","14245051000","2016","Cavanaugh Macdonald Consulting, LLC","0.1056","4.5599999999999974E-2","0.06","-821738000","0.25790000000000002","0.25790000000000002",NA,1266645000,290557000,NA,NA,NA,NA,"0.30349999999999999","0.06","Single Rate",NA,NA,"2% times years of cr service times ave annual salary (max 75%) plus additional amounts derived from 6th % contrib made before 07/01/89 and voluntary contrib. Min benefit= $1200(for normal retirement, 25yrs< full time service)","COLA","Percentage",NA,NA,"Retirements (i)prior to 9/1/92=3%; (i)on/after 9/1/92: (a)Before 7/1/07=2% (b)On/After 7/1/07=1.75%","No","No","Yes","No","No","No","No","2.75E-2","0.08","3.2500000000000001E-2","3.25%-6.50%","Pg 22","Pg 21","RPH-2014 White Collar Table","2014","BB Improvement Scale",NA,NA,"Level percent of payroll, closed","(i)Plan in effect 6/30/91= 15Yrs; (ii)Public Act 87-381=1yr; (iii) Public Act 92-205=6yrs; (iv)Public Act 98-251=11yrs; (v)Public Act 07-186=21yrs","Entry Age","0.08","No","0.08","4 Years","7.5600000000000001E-2","1.7000000000000001E-2",0,"No",16712300000,29839900000,13127600000,"0.56000000000000005","3949900000",152893000,-8272000,NA,NA,NA,NA,NA,NA,NA,"65345000",NA,NA,NA,NA,"78225000",-96405000,NA,NA,NA,NA,NA,NA,NA,"2206537000",NA,"-270068000",NA,NA,"2213190000",893367000,NA,NA,"Yes","NA","NA","NA","Entry age","NA","975578000","975578000","0","1","16712300000","29839900000","13127600000","0.56000000000000005","3949900000","0.24698802501329148","NA","15594872000",0.522618105288557,NA,NA,2206537000,1738131000,0,"0","153763000",1891894000,"Connecticut Teachers","Connecticut State Teachers’ Retirement System"
"39",317,"Connecticut Teachers Retirement System",2017,"42551","42551","42916",36065,14752,NA,50877,101694,"0.08","3.0099999999999998E-2","3.56E-2","NA","0.08","0.08","30636646000","17134326000","13502320000","0.55930000000000002","4279755000",1561824000,1747044000,265437000,0.236499986564651,0.236499986564651,"1012162000","1012162000",0,1,"450563000","2308693000","0",0,0,"-288251000",-1221172000,-195745000,"0",564599000,-55184000,"-1679000",1561824000,"7.0000000000000007E-2","0.08","0.09","16900923000","13502320000","10629014000","6.30 Years","29839923000","450563000","2308693000","0","0","0","1012162000","288251000","2199895000","-1962533000",0,"-1962533000","0","1679000",NA,"15594872000","13502320000",NA,NA,NA,NA,NA,"-852553000",NA,NA,NA,1300413000,288251000,NA,NA,NA,NA,NA,NA,NA,NA,NA,NA,NA,NA,NA,NA,NA,NA,NA,NA,NA,NA,NA,NA,NA,NA,NA,NA,NA,NA,NA,NA,NA,NA,NA,NA,NA,NA,NA,NA,NA,NA,NA,NA,0,NA,NA,NA,NA,NA,NA,30604000,-22524000,NA,NA,NA,NA,NA,NA,NA,"4486000",NA,NA,NA,NA,"-41392000",-97563000,NA,NA,NA,NA,NA,NA,NA,"-229404000",NA,"-268200000",NA,NA,NA,1017738000,NA,NA,"Yes","NA","NA","NA","Entry age","NA","1012162000","1012162000","0","1","0","0","0",NA,"0",NA,"NA","17134326000",NA,NA,NA,-229404000,1962533000,0,"0","0",1962533000,"Connecticut Teachers","Connecticut State Teachers’ Retirement System"
"40",317,"Connecticut Teachers Retirement System",2018,"43281","42916","43281",37446,11485,NA,50594,99525,"0.08","3.56E-2","3.8899999999999997E-2","NA","0.08","0.08","31110898000","17946839000","13164059000","0.57689999999999997","4321593000",1477433000,1481642000,543452000,0.29440000481304,0.29440000481304,"1272277000","1272277000",0,1,"465207000","2371168000","28036000",-62868000,0,"-312150000",-1354249000,25864000,"0",368856000,-55184000,"2753000",1477433000,"7.0000000000000007E-2","0.08","0.09","16636976000","13164059000","10227117000","6.30 Years","30636646000","465207000","2371168000","28036000","-396067000","0","1272277000","312150000","1224931000","-1994092000",0,"-1994092000","0","-2753000",NA,"17134326000","13164059000","2018","Cavanaugh Macdonald Consulting, LLC","0.13730000000000001","6.7299999999999999E-2","7.0000000000000007E-2","-1115599000","0.2104","0.2104",NA,1584427000,312150000,NA,NA,NA,NA,"0.2777","7.0000000000000007E-2","Single Rate",NA,NA,"2% times years of cr service times ave annual salary (max 75%) plus additional amounts derived from 6th % contrib made before 07/01/89 and voluntary contrib. Min benefit= $1200(for normal retirement, 25yrs< full time service)","COLA","Percentage",NA,NA,"Retirements (i)prior to 9/1/92=3%; (i)on/after 9/1/92: (a)Before 7/1/07=2% (b)On/After 7/1/07=1.75%","No","No","Yes","No","No","No","No","2.5000000000000001E-2","6.9000000000000006E-2","3.2500000000000001E-2","3.25%-6.50%","Pg 22","Pg 21","RPH-2014 White Collar Table","2014","BB Improvement Scale",NA,NA,"Level percent of payroll, closed","30 Years","Entry Age","6.9000000000000006E-2","No","6.9000000000000006E-2","4 Years","6.88E-2","0.1076",0,"No",17951800000,3.4712e+10,16760200000,"0.51700000000000002","4075900000",337716000,-30880000,NA,NA,NA,NA,NA,NA,NA,"9495000",NA,NA,NA,NA,"224643000",-127663000,NA,NA,NA,NA,NA,NA,NA,"240545000",NA,"-46031000",NA,NA,NA,988864000,NA,NA,"Yes","NA","NA","NA","Entry age","NA","1272277000","1272277000","0","1","17951800000","31110900000","13159100000","0.57699999999999996","4075900000","0.31214627444245441","NA","17946839000",0.576866596594763,NA,NA,240545000,1994092000,0,"0","2753000",1996845000,"Connecticut Teachers","Connecticut State Teachers’ Retirement System"
"41",317,"Connecticut Teachers Retirement System",2019,"43281","43281","43646",37446,11485,NA,50594,99525,"6.9000000000000006E-2","3.8899999999999997E-2","3.5000000000000003E-2","NA","0.08","6.9000000000000006E-2","35566175000","18493455000","17072720000","0.52","4389654000",2096821000,4468102000,425400000,0.294399968653566,0.294399968653566,"1292314000","1292314000",0,1,"463997000","2406206000","-224281000",0,604680000,"-309333000",-1417128000,81008000,"0",608887000,-118052000,"837000",2096821000,"5.8999999999999997E-2","6.9000000000000006E-2","7.9000000000000001E-2","21296573000","17072720000","13521724000","6.41 Years","31110898000","463997000","2406206000","-224281000","0","3875996000","1292672000","309333000","1012089000","-2066641000",0,"-2066641000","0","-837000",NA,"17946839000","17072720000",NA,NA,NA,NA,NA,"-1113200000",NA,NA,NA,1602005000,309333000,NA,NA,NA,NA,NA,NA,NA,NA,NA,NA,NA,NA,NA,NA,NA,NA,NA,NA,NA,NA,NA,NA,NA,NA,NA,NA,NA,NA,NA,NA,NA,NA,NA,NA,NA,NA,NA,NA,NA,NA,NA,NA,0,NA,NA,NA,NA,NA,NA,207319000,-13442000,NA,NA,NA,NA,NA,NA,NA,"-29187000",NA,NA,NA,NA,"151007000",-136474000,NA,NA,NA,NA,NA,NA,NA,"216523000",NA,"-5958000",NA,NA,NA,1156458000,NA,NA,"Yes","NA","NA","NA","Entry age","NA","1292314000","1292314000","0","1",NA,NA,NA,NA,NA,NA,"NA","18493455000",NA,NA,NA,216523000,2066641000,0,"0","1435000",2068076000,"Connecticut Teachers","Connecticut State Teachers’ Retirement System"
"42",317,"Connecticut Teachers Retirement System",2020,"44012","43646","44012",38540,10366,NA,50951,99857,"6.9000000000000006E-2","3.5000000000000003E-2","2.2100000000000002E-2","NA","6.9000000000000006E-2","6.9000000000000006E-2","37128000000","18281910000","18846090000","0.4924","4352967000",2699613000,4891980000,565948000,0.277700014725588,0.277700014725588,"1208819000","1208819000",0,1,"616370000","2379886000","0",-47800000,159460000,"-318217000",-1254594000,168857000,"0",1114225000,-118052000,"-522000",2699613000,"5.8999999999999997E-2","6.9000000000000006E-2","7.9000000000000001E-2","23571019000","18846090000","14923429000","6.41 Years","35566175000","616370000","2379886000","0","-306400000","1022137000","1209573000","318217000","410311000","-2150168000",0,"-2150168000","0","522000",NA,"18493455000","18846090000","2020","Cavanaugh Macdonald Consulting, LLC","0.1265","5.6499999999999995E-2","7.0000000000000007E-2","-916389000","0.25929999999999997","0.25929999999999997",NA,1527790000,318217000,NA,NA,NA,NA,"0.31580000000000003","7.0000000000000007E-2","Single Rate",NA,NA,"2% times years of cr service times ave annual salary (max 75%) plus additional amounts derived from 6th % contrib made before 07/01/89 and voluntary contrib. Min benefit= $1200(for normal retirement, 25yrs< full time service)","COLA","Percentage",NA,NA,"Retirements (i)prior to 9/1/92=3%; (i)on/after 9/1/92: (a)Before 7/1/07=2% (b)On/After 7/1/07=1.75%","No","No","Yes","No","No","No","No","2.5000000000000001E-2","6.9000000000000006E-2","0.03","3.00%-6.50%","Pg 25","Pg 24","PubT-2010","2010","MP- 2019",NA,"1 Year for beneficiaries","Level percent of payroll, closed","25 Years (June 30, 2020 Incremental; 28 Years (June 30, 2018 Transitional)","Entry Age","6.9000000000000006E-2","No","6.9000000000000006E-2","4 Years","6.1100000000000002E-2","3.9899999999999998E-2",0,"No",19055100000,3.7128e+10,18072900000,"0.51300000000000001","4438400000",75641000,-44833000,NA,NA,NA,NA,NA,NA,NA,"12197000",NA,NA,NA,NA,"17165000",-136999000,NA,NA,NA,NA,NA,NA,NA,"1096070000",NA,"-104247000",NA,NA,NA,1171398000,NA,NA,"Yes","NA","NA","NA","Entry age","NA","1208819000","1208819000","0","1","19055100000","37128000000","18072900000","0.51300000000000001","4438400000","0.27235467736121127","NA","18281910000",0.492402230122818,NA,NA,1096070000,2150168000,0,"0","3430000",2153598000,"Connecticut Teachers","Connecticut State Teachers’ Retirement System"
"43",317,"Connecticut Teachers Retirement System",2021,"44012","44012","44377",38540,10366,NA,50951,99857,"6.9000000000000006E-2","2.2100000000000002E-2","2.1600000000000001E-2","NA","6.9000000000000006E-2","6.9000000000000006E-2","38043351000","23117088000","14926263000","0.60770000000000002","4500666000",963525000,3028417000,2335902000,0.277700011509408,0.277700011509408,"1249835000","1249835000",0,1,"599484000","2486930000","0",0,0,"-323306000",-1240851000,-657563000,"0",1169117000,-165852000,"-904434000",963525000,"5.8999999999999997E-2","6.9000000000000006E-2","7.9000000000000001E-2","19751183000","14926263000","10920127000","6.34 Years","37128000000","599484000","2486930000","0","0","0","1249835000","323306000","4528666000","-2171063000",0,"-2171063000","0","904434000",NA,"18281910000","14926263000",NA,NA,NA,NA,NA,"-947900000",NA,NA,NA,1573932000,324097000,NA,NA,NA,NA,NA,NA,NA,NA,NA,NA,NA,NA,NA,NA,NA,NA,NA,NA,NA,NA,NA,NA,NA,NA,NA,NA,NA,NA,NA,NA,NA,NA,NA,NA,NA,NA,NA,NA,NA,NA,NA,NA,0,NA,NA,NA,NA,NA,NA,-509515000,-4998000,NA,NA,NA,NA,NA,NA,NA,"-47505000",NA,NA,NA,NA,"177747000",-128895000,NA,NA,NA,-888694000,NA,NA,NA,"-1100110000",NA,"-89268000",NA,"91891000",NA,1247027000,NA,NA,"Yes","NA","NA","NA","Entry age","NA","1249835000","1249835000","0","1",NA,NA,NA,NA,NA,NA,"NA","23117088000",NA,NA,NA,-1100110000,2171063000,0,"0","0",2171063000,"Connecticut Teachers","Connecticut State Teachers’ Retirement System"
"44",317,"Connecticut Teachers Retirement System",2022,"44742","44377","44742",39341,11303,NA,52200,102844,"6.9000000000000006E-2","2.1600000000000001E-2","3.5400000000000001E-2","NA","6.9000000000000006E-2","6.9000000000000006E-2","39860280000","21549721000","18310559000","0.54059999999999997","4571425000",1769736000,3995458000,244727000,0.315799996718747,0.315799996718747,"1443656000","1443656000",0,1,"617468000","2548157000","89017000",124506000,0,"-392913000",-1579683000,720884000,"0",1027384000,-537205000,"-847879000",1769736000,"5.8999999999999997E-2","6.9000000000000006E-2","7.9000000000000001E-2","23371864000","18310559000","14107584000","6.34 Years","38043351000","617468000","2548157000","89017000","789366000","0","1443656000","392913000","-2024736000","-2227079000",0,"-2227079000","0","847879000",NA,"23117088000","18310559000","2022","Cavanaugh Macdonald Consulting, LLC","0.12659999999999999","5.6599999999999984E-2","7.0000000000000007E-2","-1185363000","0.26479999999999998","0.26479999999999998",NA,1780941000,337285000,NA,NA,NA,NA,"0.32140000000000002","7.0000000000000007E-2","Single Rate",NA,NA,"2% times years of cr service times ave annual salary (max 75%) plus additional amounts derived from 6th % contrib made before 07/01/89 and voluntary contrib. Min benefit= $1200(for normal retirement, 25yrs< full time service)","COLA","Percentage",NA,NA,"Retirements (i)prior to 9/1/92=3%; (i)on/after 9/1/92: (a)Before 7/1/07=2% (b)On/After 7/1/07=1.75%","No","No","Yes","No","No","No","No","2.5000000000000001E-2","6.9000000000000006E-2","0.03","3.00%-6.50%","Pg 25","Pg 24","PubT-2010","2010","MP- 2019",NA,"1 Year for beneficiaries","Level percent of payroll, closed","25.9 Years","Entry Age","6.9000000000000006E-2","No","6.9000000000000006E-2","4 Years","7.6100000000000001E-2","7.0800000000000002E-2",0,"No",22729200000,39860300000,17131100000,"0.56999999999999995","4695700000",307768000,-1022000,NA,NA,NA,NA,NA,NA,NA,"-31332000",NA,NA,NA,NA,"59283000",-79001000,NA,NA,NA,-888694000,NA,NA,NA,"158332000",NA,"805573000",NA,NA,NA,1171119000,NA,NA,"Yes","NA","NA","NA","Entry age","NA",NA,NA,NA,NA,"22729200000","39860300000","17131100000","0.56999999999999995","4695700000","0","NA","21549721000",0.540631179394034,NA,NA,158332000,2227080000,NA,"0","959406000",3186486000,"Connecticut Teachers","Connecticut State Teachers’ Retirement System"
